Time,Channel A,Channel B
(ms),(V),(V)

0.00000000,-0.29041412,-0.27988526
0.04096000,-0.30860317,-0.31617177
0.08192000,-0.29950866,-0.29801324
0.12288000,-0.26310006,-0.26172674
0.16384000,-0.33588672,-0.34339428
0.20480000,-0.38138983,-0.37968078
0.24576000,-0.33588672,-0.33429974
0.28672000,-0.39051485,-0.38874477
0.32768000,-0.37229529,-0.37061679
0.36864000,-0.46330148,-0.47041231
0.40960000,-0.44511247,-0.45225379
0.45056000,-0.49971008,-0.49763483
0.49152000,-0.46330148,-0.47041231
0.53248000,-0.48149052,-0.48857081
0.57344000,-0.50880456,-0.51579332
0.61440000,-0.54521316,-0.55207986
0.65536000,-0.47239602,-0.47947630
0.69632000,-0.49061555,-0.49763483
0.73728000,-0.50880456,-0.50669879
0.77824000,-0.51789910,-0.52485734
0.81920000,-0.49061555,-0.48857081
0.86015999,-0.49061555,-0.49763483
0.90111999,-0.49971008,-0.50669879
0.94207999,-0.52699363,-0.53392130
0.98303999,-0.54521316,-0.54301584
1.02399999,-0.49061555,-0.48857081
1.06495999,-0.48149052,-0.48857081
1.10591999,-0.47239602,-0.47947630
1.14687999,-0.43601793,-0.43412581
1.18783999,-0.46330148,-0.46134830
1.22879999,-0.49061555,-0.48857081
1.26975999,-0.43601793,-0.43412581
1.31071999,-0.42689291,-0.42506179
1.35167999,-0.46330148,-0.46134830
1.39263999,-0.46330148,-0.47041231
1.43359999,-0.44511247,-0.45225379
1.47455999,-0.39051485,-0.37968078
1.51551999,-0.41779840,-0.42506179
1.55647999,-0.44511247,-0.45225379
1.59743999,-0.41779840,-0.41596729
1.63839999,-0.37229529,-0.37061679
1.67935999,-0.39960936,-0.39783928
1.72031999,-0.41779840,-0.41596729
1.76127999,-0.40870386,-0.40690330
1.80223999,-0.36320078,-0.35245827
1.84319999,-0.35410628,-0.35245827
1.88415999,-0.38138983,-0.37968078
1.92511999,-0.41779840,-0.41596729
1.96607999,-0.36320078,-0.36152226
2.00703999,-0.36320078,-0.36152226
2.04799999,-0.34501174,-0.34339428
2.08895999,-0.36320078,-0.37061679
2.12991999,-0.42689291,-0.42506179
2.17087999,-0.43601793,-0.42506179
2.21183999,-0.41779840,-0.42506179
2.25279999,-0.44511247,-0.44318980
2.29375999,-0.38138983,-0.37968078
2.33471999,-0.37229529,-0.37968078
2.37567999,-0.43601793,-0.43412581
2.41663999,-0.44511247,-0.45225379
2.45759999,-0.45420697,-0.45225379
2.49855998,-0.43601793,-0.44318980
2.53951998,-0.40870386,-0.41596729
2.58047998,-0.43601793,-0.44318980
2.62143998,-0.46330148,-0.46134830
2.66239998,-0.37229529,-0.37968078
2.70335998,-0.37229529,-0.37061679
2.74431998,-0.39960936,-0.40690330
2.78527998,-0.36320078,-0.37061679
2.82623998,-0.40870386,-0.41596729
2.86719998,-0.38138983,-0.38874477
2.90815998,-0.36320078,-0.36152226
2.94911998,-0.33588672,-0.33429974
2.99007998,-0.29041412,-0.29801324
3.03103998,-0.32679221,-0.33429974
3.07199998,-0.36320078,-0.36152226
3.11295998,-0.32679221,-0.33429974
3.15391998,-0.34501174,-0.34339428
3.19487998,-0.32679221,-0.33429974
3.23583998,-0.27219459,-0.27079073
3.27679998,-0.27219459,-0.27988526
3.31775998,-0.26310006,-0.26172674
3.35871998,-0.27219459,-0.27988526
3.39967998,-0.29041412,-0.27988526
3.44063998,-0.23578601,-0.24356823
3.48159998,-0.25400555,-0.25266275
3.52255998,-0.25400555,-0.25266275
3.56351998,-0.25400555,-0.26172674
3.60447998,-0.26310006,-0.27079073
3.64543998,-0.30860317,-0.30707723
3.68639998,-0.29041412,-0.28894925
3.72735998,-0.29950866,-0.29801324
3.76831998,-0.26310006,-0.26172674
3.80927998,-0.30860317,-0.30707723
3.85023998,-0.29950866,-0.29801324
3.89119998,-0.28128910,-0.27988526
3.93215998,-0.18118839,-0.17099521
3.97311998,-0.27219459,-0.27079073
4.01407998,-0.29041412,-0.28894925
4.05503998,-0.25400555,-0.26172674
4.09599998,-0.27219459,-0.27079073
4.13695997,-0.26310006,-0.26172674
4.17791997,-0.26310006,-0.26172674
4.21887997,-0.23578601,-0.23450422
4.25983997,-0.26310006,-0.26172674
4.30079997,-0.21759698,-0.20728171
4.34175997,-0.19940794,-0.19821772
4.38271997,-0.18118839,-0.18005921
4.42367997,-0.21759698,-0.20728171
4.46463997,-0.21759698,-0.20728171
4.50559997,-0.18118839,-0.18005921
4.54655997,-0.21759698,-0.21634571
4.58751997,-0.14481033,-0.13470870
4.62847997,-0.10840175,-0.10748619
4.66943997,-0.19940794,-0.19821772
4.71039997,-0.21759698,-0.20728171
4.75135997,-0.10840175,-0.11655018
4.79231997,-0.09018219,-0.08932768
4.83327997,-0.11749626,-0.11655018
4.87423997,-0.14481033,-0.15283670
4.91519997,-0.18118839,-0.18005921
4.95615997,-0.13568529,-0.13470870
4.99711997,-0.09018219,-0.08932768
5.03807997,-0.09930723,-0.09839167
5.07903997,-0.11749626,-0.12561418
5.11999997,-0.07199316,-0.07116917
5.16095997,-0.03558458,-0.04394665
5.20191997,-0.05380413,-0.05304117
5.24287997,-0.03558458,-0.03488266
5.28383997,-0.01739555,-0.01672414
5.32479997,-0.01739555,-0.02581866
5.36575997,-0.00830103,-0.01672414
5.40671997,-0.05380413,-0.05304117
5.44767997,-0.00830103,-0.01672414
5.48863997,-0.03558458,-0.03488266
5.52959997,-0.04467910,-0.05304117
5.57055997,-0.00830103,-0.01672414
5.61151997,-0.02649007,-0.02581866
5.65247997,0.00079348,-0.00766015
5.69343997,-0.00830103,-0.01672414
5.73439997,-0.00830103,-0.01672414
5.77535996,0.03717154,0.03765984
5.81631996,0.00079348,0.00140385
5.85727996,0.01898251,0.01953185
5.89823996,0.01898251,0.01046785
5.93919996,0.01898251,0.01953185
5.98015996,0.01898251,0.01953185
6.02111996,0.06448561,0.06488235
6.06207996,0.05539110,0.05581835
6.10303996,0.10089419,0.10119937
6.14399996,0.10089419,0.10119937
6.18495996,0.09176916,0.09210486
6.22591996,0.10089419,0.10119937
6.26687996,0.10998870,0.11026338
6.30783996,0.13727225,0.14654988
6.34879996,0.11908323,0.11932737
6.38975996,0.13727225,0.14654988
6.43071996,0.15549180,0.15564440
6.47167996,0.14639729,0.15564440
6.51263996,0.12817773,0.12842189
6.55359996,0.14639729,0.14654988
6.59455996,0.08267464,0.09210486
6.63551996,0.12817773,0.12842189
6.67647996,0.17368084,0.18283638
6.71743996,0.18277535,0.18283638
6.75839996,0.16458632,0.16470839
6.79935996,0.14639729,0.15564440
6.84031996,0.17368084,0.17377239
6.88127996,0.16458632,0.16470839
6.92223996,0.18277535,0.18283638
6.96319996,0.20099491,0.19193090
7.00415996,0.18277535,0.18283638
7.04511996,0.21008942,0.21005890
7.08607996,0.23737296,0.23728141
7.12703996,0.24649800,0.24637593
7.16799996,0.25559253,0.25543994
7.20895996,0.28287607,0.27359843
7.24991996,0.29200110,0.28266242
7.29087996,0.29200110,0.29172644
7.33183996,0.29200110,0.28266242
7.37279996,0.30109560,0.28266242
7.41375995,0.31019014,0.29172644
7.45471995,0.31019014,0.29172644
7.49567995,0.31019014,0.28266242
7.53663995,0.31019014,0.29172644
7.57759995,0.31019014,0.29172644
7.61855995,0.31019014,0.29172644
7.65951995,0.30109560,0.28266242
7.70047995,0.31019014,0.28266242
7.74143995,0.31928465,0.30082095
7.78239995,0.31019014,0.29172644
7.82335995,0.29200110,0.28266242
7.86431995,0.31019014,0.29172644
7.90527995,0.31019014,0.29172644
7.94623995,0.31019014,0.29172644
7.98719995,0.29200110,0.29172644
8.02815995,0.29200110,0.29172644
8.06911995,0.31019014,0.30082095
8.11007995,0.29200110,0.29172644
8.15103995,0.30109560,0.30082095
8.19199995,0.29200110,0.30082095
8.23295995,0.29200110,0.30082095
8.27391995,0.29200110,0.30082095
8.31487995,0.29200110,0.30082095
8.35583995,0.29200110,0.30082095
8.39679995,0.29200110,0.30082095
8.43775995,0.29200110,0.30082095
8.47871995,0.28287607,0.30082095
8.51967995,0.29200110,0.30082095
8.56063995,0.28287607,0.30082095
8.60159995,0.28287607,0.30082095
8.64255995,0.29200110,0.30988494
8.68351995,0.29200110,0.30082095
8.72447995,0.28287607,0.30082095
8.76543995,0.28287607,0.30082095
8.80639995,0.28287607,0.30082095
8.84735995,0.28287607,0.30082095
8.88831995,0.28287607,0.30082095
8.92927995,0.28287607,0.30082095
8.97023995,0.28287607,0.30082095
9.01119995,0.29200110,0.30082095
9.05215994,0.29200110,0.30082095
9.09311994,0.29200110,0.30082095
9.13407994,0.29200110,0.30082095
9.17503994,0.29200110,0.30082095
9.21599994,0.29200110,0.30082095
9.25695994,0.29200110,0.30082095
9.29791994,0.29200110,0.30082095
9.33887994,0.30109560,0.30082095
9.37983994,0.29200110,0.29172644
9.42079994,0.30109560,0.30082095
9.46175994,0.30109560,0.30082095
9.50271994,0.31019014,0.30082095
9.54367994,0.31019014,0.30082095
9.58463994,0.31019014,0.29172644
9.62559994,0.30109560,0.28266242
9.66655994,0.31019014,0.29172644
9.70751994,0.31019014,0.29172644
9.74847994,0.31019014,0.29172644
9.78943994,0.31019014,0.29172644
9.83039994,0.31019014,0.29172644
9.87135994,0.31019014,0.29172644
9.91231994,0.31019014,0.29172644
9.95327994,0.31019014,0.29172644
9.99423994,0.31019014,0.29172644
10.03519994,0.30109560,0.28266242
10.07615994,0.30109560,0.28266242
10.11711994,0.31019014,0.29172644
10.15807994,0.30109560,0.29172644
10.19903994,0.31019014,0.30082095
10.23999994,0.30109560,0.30082095
10.28095994,0.31019014,0.30082095
10.32191994,0.29200110,0.30082095
10.36287994,0.30109560,0.30082095
10.40383994,0.30109560,0.30082095
10.44479994,0.29200110,0.30082095
10.48575994,0.29200110,0.30082095
10.52671994,0.29200110,0.30082095
10.56767994,0.29200110,0.30082095
10.60863994,0.29200110,0.30082095
10.64959994,0.29200110,0.30082095
10.69055994,0.29200110,0.30082095
10.73151993,0.29200110,0.30082095
10.77247993,0.29200110,0.30082095
10.81343993,0.29200110,0.30082095
10.85439993,0.29200110,0.30082095
10.89535993,0.29200110,0.30082095
10.93631993,0.29200110,0.30082095
10.97727993,0.29200110,0.30988494
11.01823993,0.29200110,0.30082095
11.05919993,0.29200110,0.30082095
11.10015993,0.28287607,0.30082095
11.14111993,0.28287607,0.30082095
11.18207993,0.29200110,0.30082095
11.22303993,0.29200110,0.30082095
11.26399993,0.29200110,0.30082095
11.30495993,0.29200110,0.30082095
11.34591993,0.29200110,0.30082095
11.38687993,0.29200110,0.30082095
11.42783993,0.29200110,0.29172644
11.46879993,0.29200110,0.29172644
11.50975993,0.29200110,0.30082095
11.55071993,0.30109560,0.30082095
11.59167993,0.30109560,0.30082095
11.63263993,0.29200110,0.29172644
11.67359993,0.31019014,0.30082095
11.71455993,0.31019014,0.30082095
11.75551993,0.31019014,0.30082095
11.79647993,0.31019014,0.29172644
11.83743993,0.30109560,0.29172644
11.87839993,0.31019014,0.29172644
11.91935993,0.31019014,0.29172644
11.96031993,0.31928465,0.30082095
12.00127993,0.31019014,0.29172644
12.04223993,0.31019014,0.29172644
12.08319993,0.31019014,0.30082095
12.12415993,0.31019014,0.29172644
12.16511993,0.31019014,0.29172644
12.20607993,0.31019014,0.30082095
12.24703993,0.30109560,0.29172644
12.28799993,0.30109560,0.29172644
12.32895993,0.31928465,0.30082095
12.36991992,0.29200110,0.29172644
12.41087992,0.31019014,0.30082095
12.45183992,0.31019014,0.30082095
12.49279992,0.29200110,0.29172644
12.53375992,0.31019014,0.30082095
12.57471992,0.31019014,0.30082095
12.61567992,0.29200110,0.28266242
12.65663992,0.29200110,0.30082095
12.69759992,0.30109560,0.30082095
12.73855992,0.28287607,0.30082095
12.77951992,0.29200110,0.30082095
12.82047992,0.29200110,0.30082095
12.86143992,0.28287607,0.29172644
12.90239992,0.29200110,0.30082095
12.94335992,0.29200110,0.30082095
12.98431992,0.28287607,0.30082095
13.02527992,0.29200110,0.30082095
13.06623992,0.28287607,0.30082095
13.10719992,0.28287607,0.30082095
13.14815992,0.29200110,0.30082095
13.18911992,0.28287607,0.30082095
13.23007992,0.28287607,0.30082095
13.27103992,0.29200110,0.30988494
13.31199992,0.28287607,0.30082095
13.35295992,0.29200110,0.30082095
13.39391992,0.29200110,0.30082095
13.43487992,0.28287607,0.30082095
13.47583992,0.28287607,0.30082095
13.51679992,0.29200110,0.30082095
13.55775992,0.29200110,0.30082095
13.59871992,0.29200110,0.30082095
13.63967992,0.29200110,0.30082095
13.68063992,0.29200110,0.30082095
13.72159992,0.29200110,0.29172644
13.76255992,0.29200110,0.30082095
13.80351992,0.31019014,0.30082095
13.84447992,0.29200110,0.29172644
13.88543992,0.30109560,0.30082095
13.92639992,0.31019014,0.30082095
13.96735992,0.29200110,0.29172644
14.00831991,0.30109560,0.29172644
14.04927991,0.31019014,0.30082095
14.09023991,0.31019014,0.29172644
14.13119991,0.30109560,0.29172644
14.17215991,0.31928465,0.29172644
14.21311991,0.30109560,0.28266242
14.25407991,0.31019014,0.29172644
14.29503991,0.31928465,0.30082095
14.33599991,0.30109560,0.28266242
14.37695991,0.31019014,0.29172644
14.41791991,0.31928465,0.29172644
14.45887991,0.30109560,0.28266242
14.49983991,0.31019014,0.29172644
14.54079991,0.31928465,0.29172644
14.58175991,0.31019014,0.29172644
14.62271991,0.29200110,0.27359843
14.66367991,0.30109560,0.29172644
14.70463991,0.31019014,0.30082095
14.74559991,0.29200110,0.29172644
14.78655991,0.28287607,0.28266242
14.82751991,0.30109560,0.30082095
14.86847991,0.30109560,0.30082095
14.90943991,0.29200110,0.29172644
14.95039991,0.29200110,0.29172644
14.99135991,0.29200110,0.30082095
15.03231991,0.29200110,0.30082095
15.07327991,0.29200110,0.30082095
15.11423991,0.29200110,0.30082095
15.15519991,0.29200110,0.30082095
15.19615991,0.29200110,0.30082095
15.23711991,0.28287607,0.30082095
15.27807991,0.28287607,0.30082095
15.31903991,0.28287607,0.30082095
15.35999991,0.28287607,0.29172644
15.40095991,0.28287607,0.30082095
15.44191991,0.28287607,0.30082095
15.48287991,0.28287607,0.30082095
15.52383991,0.28287607,0.30082095
15.56479991,0.29200110,0.30082095
15.60575991,0.29200110,0.30082095
15.64671990,0.30109560,0.30988494
15.68767990,0.29200110,0.30988494
15.72863990,0.29200110,0.30082095
15.76959990,0.29200110,0.30082095
15.81055990,0.29200110,0.30082095
15.85151990,0.29200110,0.30082095
15.89247990,0.29200110,0.30082095
15.93343990,0.28287607,0.29172644
15.97439990,0.29200110,0.28266242
16.01535990,0.29200110,0.29172644
16.05631990,0.29200110,0.29172644
16.09727990,0.29200110,0.29172644
16.13823990,0.30109560,0.29172644
16.17919990,0.30109560,0.29172644
16.22015990,0.31019014,0.29172644
16.26111990,0.31019014,0.30082095
16.30207990,0.31019014,0.29172644
16.34303990,0.31019014,0.29172644
16.38399990,0.31019014,0.30082095
16.42495990,0.31019014,0.28266242
16.46591990,0.31019014,0.28266242
16.50687990,0.30109560,0.28266242
16.54783990,0.30109560,0.28266242
16.58879990,0.30109560,0.28266242
16.62975990,0.29200110,0.28266242
16.67071990,0.29200110,0.27359843
16.71167990,0.29200110,0.28266242
16.75263990,0.30109560,0.28266242
16.79359990,0.29200110,0.29172644
16.83455990,0.30109560,0.28266242
16.87551990,0.30109560,0.29172644
16.91647990,0.31019014,0.30082095
16.95743990,0.30109560,0.30082095
16.99839990,0.31019014,0.30082095
17.03935990,0.30109560,0.30082095
17.08031990,0.29200110,0.30082095
17.12127990,0.29200110,0.30082095
17.16223990,0.29200110,0.30082095
17.20319990,0.28287607,0.29172644
17.24415990,0.28287607,0.28266242
17.28511989,0.28287607,0.30082095
17.32607989,0.29200110,0.30082095
17.36703989,0.29200110,0.30082095
17.40799989,0.28287607,0.29172644
17.44895989,0.28287607,0.29172644
17.48991989,0.28287607,0.30082095
17.53087989,0.29200110,0.30082095
17.57183989,0.29200110,0.30082095
17.61279989,0.28287607,0.30082095
17.65375989,0.28287607,0.30082095
17.69471989,0.27378154,0.28266242
17.73567989,0.27378154,0.28266242
17.77663989,0.28287607,0.28266242
17.81759989,0.27378154,0.28266242
17.85855989,0.26468703,0.27359843
17.89951989,0.24649800,0.25543994
17.94047989,0.23737296,0.23728141
17.98143989,0.23737296,0.23728141
18.02239989,0.22827846,0.23728141
18.06335989,0.23737296,0.23728141
18.10431989,0.16458632,0.16470839
18.14527989,0.16458632,0.16470839
18.18623989,0.18277535,0.18283638
18.22719989,0.17368084,0.17377239
18.26815989,0.12817773,0.12842189
18.30911989,0.16458632,0.15564440
18.35007989,0.12817773,0.12842189
18.39103989,0.09176916,0.09210486
18.43199989,0.14639729,0.12842189
18.47295989,0.06448561,0.05581835
18.51391989,0.06448561,0.05581835
18.55487989,0.10089419,0.09210486
18.59583989,0.05539110,0.05581835
18.63679989,0.00079348,0.00140385
18.67775989,0.07358012,0.05581835
18.71871989,-0.01739555,-0.02581866
18.75967989,-0.05380413,-0.05304117
18.80063989,0.03717154,0.02859584
18.84159989,-0.07199316,-0.06210517
18.88255989,-0.05380413,-0.05304117
18.92351988,-0.10840175,-0.11655018
18.96447988,-0.02649007,-0.02581866
19.00543988,-0.12659077,-0.13470870
19.04639988,-0.08108768,-0.08026368
19.08735988,-0.09018219,-0.09839167
19.12831988,-0.18118839,-0.18912320
19.16927988,-0.11749626,-0.12561418
19.21023988,-0.14481033,-0.14377269
19.25119988,-0.15390484,-0.16190070
19.29215988,-0.19028291,-0.18912320
19.33311988,-0.18118839,-0.18005921
19.37407988,-0.19028291,-0.18912320
19.41503988,-0.19028291,-0.18912320
19.45599988,-0.19028291,-0.19821772
19.49695988,-0.19940794,-0.19821772
19.53791988,-0.22669148,-0.22544023
19.57887988,-0.23578601,-0.24356823
19.61983988,-0.21759698,-0.20728171
19.66079988,-0.25400555,-0.25266275
19.70175988,-0.21759698,-0.21634571
19.74271988,-0.21759698,-0.21634571
19.78367988,-0.21759698,-0.22544023
19.82463988,-0.21759698,-0.22544023
19.86559988,-0.20850246,-0.20728171
19.90655988,-0.22669148,-0.23450422
19.94751988,-0.25400555,-0.25266275
19.98847988,-0.30860317,-0.30707723
20.02943988,-0.23578601,-0.24356823
20.07039988,-0.30860317,-0.30707723
20.11135988,-0.29950866,-0.30707723
20.15231988,-0.33588672,-0.34339428
20.19327988,-0.34501174,-0.34339428
20.23423988,-0.36320078,-0.36152226
20.27519988,-0.38138983,-0.37968078
20.31615988,-0.38138983,-0.38874477
20.35711988,-0.39960936,-0.40690330
20.39807988,-0.48149052,-0.47947630
20.43903988,-0.43601793,-0.43412581
20.47999988,-0.48149052,-0.48857081
20.52095988,-0.47239602,-0.47947630
20.56191988,-0.54521316,-0.55207986
20.60287987,-0.50880456,-0.51579332
20.64383987,-0.51789910,-0.52485734
20.68479987,-0.49061555,-0.48857081
20.72575987,-0.50880456,-0.51579332
20.76671987,-0.49061555,-0.49763483
20.80767987,-0.52699363,-0.52485734
20.84863987,-0.50880456,-0.51579332
20.88959987,-0.54521316,-0.55207986
20.93055987,-0.49971008,-0.49763483
20.97151987,-0.53611863,-0.54301584
21.01247987,-0.49061555,-0.49763483
21.05343987,-0.48149052,-0.48857081
21.09439987,-0.44511247,-0.45225379
21.13535987,-0.40870386,-0.41596729
21.17631987,-0.48149052,-0.48857081
21.21727987,-0.48149052,-0.48857081
21.25823987,-0.38138983,-0.37968078
21.29919987,-0.50880456,-0.50669879
21.34015987,-0.40870386,-0.41596729
21.38111987,-0.40870386,-0.41596729
21.42207987,-0.47239602,-0.47947630
21.46303987,-0.34501174,-0.35245827
21.50399987,-0.48149052,-0.47947630
21.54495987,-0.39051485,-0.38874477
21.58591987,-0.33588672,-0.33429974
21.62687987,-0.47239602,-0.47947630
21.66783987,-0.36320078,-0.35245827
21.70879987,-0.32679221,-0.33429974
21.74975987,-0.44511247,-0.45225379
21.79071987,-0.33588672,-0.33429974
21.83167987,-0.33588672,-0.34339428
21.87263987,-0.44511247,-0.44318980
21.91359987,-0.32679221,-0.31617177
21.95455987,-0.39051485,-0.38874477
21.99551987,-0.39960936,-0.39783928
22.03647987,-0.31769767,-0.31617177
22.07743987,-0.50880456,-0.50669879
22.11839987,-0.38138983,-0.38874477
22.15935987,-0.38138983,-0.38874477
22.20031987,-0.38138983,-0.37968078
22.24127986,-0.43601793,-0.43412581
22.28223986,-0.35410628,-0.35245827
22.32319986,-0.44511247,-0.45225379
22.36415986,-0.43601793,-0.42506179
22.40511986,-0.34501174,-0.34339428
22.44607986,-0.47239602,-0.47041231
22.48703986,-0.41779840,-0.41596729
22.52799986,-0.32679221,-0.33429974
22.56895986,-0.48149052,-0.48857081
22.60991986,-0.39960936,-0.40690330
22.65087986,-0.35410628,-0.35245827
22.69183986,-0.44511247,-0.45225379
22.73279986,-0.43601793,-0.43412581
22.77375986,-0.30860317,-0.31617177
22.81471986,-0.45420697,-0.45225379
22.85567986,-0.37229529,-0.37061679
22.89663986,-0.29950866,-0.29801324
22.93759986,-0.43601793,-0.42506179
22.97855986,-0.35410628,-0.36152226
23.01951986,-0.27219459,-0.27988526
23.06047986,-0.41779840,-0.42506179
23.10143986,-0.30860317,-0.31617177
23.14239986,-0.23578601,-0.24356823
23.18335986,-0.38138983,-0.38874477
23.22431986,-0.28128910,-0.28894925
23.26527986,-0.25400555,-0.26172674
23.30623986,-0.37229529,-0.37061679
23.34719986,-0.26310006,-0.26172674
23.38815986,-0.25400555,-0.26172674
23.42911986,-0.35410628,-0.35245827
23.47007986,-0.32679221,-0.33429974
23.51103986,-0.21759698,-0.21634571
23.55199986,-0.30860317,-0.30707723
23.59295986,-0.28128910,-0.27988526
23.63391986,-0.20850246,-0.20728171
23.67487986,-0.29041412,-0.28894925
23.71583986,-0.32679221,-0.33429974
23.75679986,-0.19028291,-0.19821772
23.79775986,-0.29041412,-0.27988526
23.83871986,-0.30860317,-0.31617177
23.87967985,-0.21759698,-0.21634571
23.92063985,-0.21759698,-0.21634571
23.96159985,-0.30860317,-0.31617177
24.00255985,-0.19028291,-0.18912320
24.04351985,-0.29950866,-0.30707723
24.08447985,-0.19940794,-0.19821772
24.12543985,-0.23578601,-0.24356823
24.16639985,-0.26310006,-0.27079073
24.20735985,-0.19028291,-0.19821772
24.24831985,-0.19028291,-0.18912320
24.28927985,-0.24491104,-0.24356823
24.33023985,-0.22669148,-0.23450422
24.37119985,-0.20850246,-0.20728171
24.41215985,-0.22669148,-0.22544023
24.45311985,-0.15390484,-0.16190070
24.49407985,-0.10840175,-0.09839167
24.53503985,-0.29041412,-0.27988526
24.57599985,-0.24491104,-0.24356823
24.61695985,-0.16299936,-0.16190070
24.65791985,-0.14481033,-0.15283670
24.69887985,-0.16299936,-0.16190070
24.73983985,-0.09018219,-0.08932768
24.78079985,-0.04467910,-0.04394665
24.82175985,-0.08108768,-0.07116917
24.86271985,-0.15390484,-0.16190070
24.90367985,-0.12659077,-0.13470870
24.94463985,-0.15390484,-0.15283670
24.98559985,-0.16299936,-0.17099521
25.02655985,-0.15390484,-0.16190070
25.06751985,-0.14481033,-0.15283670
25.10847985,-0.11749626,-0.11655018
25.14943985,-0.08108768,-0.08026368
25.19039985,-0.03558458,-0.04394665
25.23135985,-0.01739555,-0.02581866
25.27231985,0.00079348,0.00140385
25.31327985,-0.11749626,-0.11655018
25.35423985,-0.07199316,-0.08026368
25.39519985,-0.01739555,-0.01672414
25.43615985,0.00988800,0.00140385
25.47711985,-0.04467910,-0.04394665
25.51807984,-0.04467910,-0.05304117
25.55903984,-0.05380413,-0.06210517
25.59999984,-0.00830103,-0.01672414
25.64095984,0.02807703,0.01953185
25.68191984,0.00079348,0.01046785
25.72287984,-0.03558458,-0.04394665
25.76383984,-0.07199316,-0.07116917
25.80479984,-0.03558458,-0.03488266
25.84575984,0.03717154,0.02859584
25.88671984,0.10089419,0.09210486
25.92767984,0.09176916,0.08304086
25.96863984,0.01898251,0.01046785
26.00959984,-0.00830103,-0.00766015
26.05055984,0.00079348,0.00140385
26.09151984,0.07358012,0.08304086
26.13247984,0.05539110,0.04675436
26.17343984,0.09176916,0.08304086
26.21439984,0.10998870,0.11932737
26.25535984,0.09176916,0.09210486
26.29631984,0.06448561,0.05581835
26.33727984,0.10089419,0.10119937
26.37823984,0.10089419,0.11026338
26.41919984,0.07358012,0.08304086
26.46015984,0.12817773,0.12842189
26.50111984,0.15549180,0.16470839
26.54207984,0.12817773,0.12842189
26.58303984,0.10998870,0.11932737
26.62399984,0.14639729,0.14654988
26.66495984,0.14639729,0.15564440
26.70591984,0.12817773,0.12842189
26.74687984,0.16458632,0.16470839
26.78783984,0.17368084,0.17377239
26.82879984,0.17368084,0.17377239
26.86975984,0.17368084,0.17377239
26.91071984,0.15549180,0.15564440
26.95167984,0.18277535,0.18283638
26.99263984,0.20099491,0.20099491
27.03359984,0.21008942,0.21005890
27.07455984,0.19186987,0.19193090
27.11551984,0.23737296,0.23728141
27.15647983,0.21918394,0.21915342
27.19743983,0.26468703,0.26450393
27.23839983,0.28287607,0.27359843
27.27935983,0.29200110,0.28266242
27.32031983,0.28287607,0.27359843
27.36127983,0.29200110,0.28266242
27.40223983,0.30109560,0.29172644
27.44319983,0.30109560,0.29172644
27.48415983,0.29200110,0.28266242
27.52511983,0.31019014,0.29172644
27.56607983,0.29200110,0.28266242
27.60703983,0.31928465,0.29172644
27.64799983,0.31019014,0.29172644
27.68895983,0.31928465,0.29172644
27.72991983,0.30109560,0.28266242
27.77087983,0.31019014,0.29172644
27.81183983,0.31928465,0.30082095
27.85279983,0.31019014,0.30082095
27.89375983,0.31019014,0.30082095
27.93471983,0.30109560,0.28266242
27.97567983,0.31019014,0.29172644
28.01663983,0.31019014,0.30082095
28.05759983,0.30109560,0.30082095
28.09855983,0.29200110,0.28266242
28.13951983,0.29200110,0.28266242
28.18047983,0.31019014,0.30082095
28.22143983,0.30109560,0.29172644
28.26239983,0.29200110,0.29172644
28.30335983,0.29200110,0.30082095
28.34431983,0.29200110,0.30082095
28.38527983,0.28287607,0.29172644
28.42623983,0.30109560,0.30988494
28.46719983,0.29200110,0.30082095
28.50815983,0.28287607,0.30082095
28.54911983,0.29200110,0.30082095
28.59007983,0.29200110,0.30082095
28.63103983,0.29200110,0.30082095
28.67199983,0.29200110,0.30988494
28.71295983,0.28287607,0.30082095
28.75391983,0.29200110,0.30082095
28.79487982,0.29200110,0.30988494
28.83583982,0.28287607,0.30082095
28.87679982,0.29200110,0.30082095
28.91775982,0.29200110,0.30988494
28.95871982,0.28287607,0.29172644
28.99967982,0.29200110,0.30082095
29.04063982,0.29200110,0.30082095
29.08159982,0.29200110,0.30082095
29.12255982,0.29200110,0.30082095
29.16351982,0.29200110,0.30082095
29.20447982,0.29200110,0.30082095
29.24543982,0.29200110,0.30082095
29.28639982,0.30109560,0.30082095
29.32735982,0.29200110,0.30082095
29.36831982,0.29200110,0.30082095
29.40927982,0.29200110,0.30082095
29.45023982,0.29200110,0.30082095
29.49119982,0.30109560,0.30082095
29.53215982,0.30109560,0.30082095
29.57311982,0.30109560,0.29172644
29.61407982,0.29200110,0.29172644
29.65503982,0.30109560,0.29172644
29.69599982,0.29200110,0.29172644
29.73695982,0.31019014,0.29172644
29.77791982,0.31019014,0.29172644
29.81887982,0.31019014,0.29172644
29.85983982,0.31019014,0.30082095
29.90079982,0.31019014,0.29172644
29.94175982,0.31019014,0.29172644
29.98271982,0.30109560,0.29172644
30.02367982,0.31019014,0.29172644
30.06463982,0.31019014,0.29172644
30.10559982,0.31019014,0.29172644
30.14655982,0.30109560,0.29172644
30.18751982,0.31019014,0.29172644
30.22847982,0.31019014,0.29172644
30.26943982,0.31019014,0.29172644
30.31039982,0.31019014,0.30082095
30.35135982,0.30109560,0.30082095
30.39231982,0.30109560,0.29172644
30.43327982,0.30109560,0.30082095
30.47423981,0.30109560,0.30082095
30.51519981,0.30109560,0.30082095
30.55615981,0.30109560,0.30082095
30.59711981,0.29200110,0.30082095
30.63807981,0.29200110,0.29172644
30.67903981,0.29200110,0.30082095
30.71999981,0.29200110,0.30082095
30.76095981,0.29200110,0.30082095
30.80191981,0.29200110,0.30082095
30.84287981,0.29200110,0.30082095
30.88383981,0.29200110,0.30082095
30.92479981,0.29200110,0.30082095
30.96575981,0.29200110,0.30082095
31.00671981,0.29200110,0.30082095
31.04767981,0.29200110,0.30082095
31.08863981,0.29200110,0.30082095
31.12959981,0.29200110,0.30988494
31.17055981,0.29200110,0.30082095
31.21151981,0.29200110,0.30082095
31.25247981,0.29200110,0.30082095
31.29343981,0.29200110,0.30082095
31.33439981,0.29200110,0.30082095
31.37535981,0.29200110,0.30082095
31.41631981,0.29200110,0.30082095
31.45727981,0.29200110,0.30082095
31.49823981,0.29200110,0.30082095
31.53919981,0.29200110,0.30082095
31.58015981,0.29200110,0.29172644
31.62111981,0.30109560,0.30082095
31.66207981,0.30109560,0.30082095
31.70303981,0.29200110,0.30082095
31.74399981,0.30109560,0.30082095
31.78495981,0.30109560,0.30082095
31.82591981,0.29200110,0.28266242
31.86687981,0.29200110,0.28266242
31.90783981,0.30109560,0.29172644
31.94879981,0.30109560,0.29172644
31.98975981,0.31019014,0.29172644
32.03071981,0.31019014,0.30082095
32.07167981,0.31019014,0.30082095
32.11263980,0.31928465,0.30082095
32.15359980,0.31019014,0.30082095
32.19455980,0.31928465,0.30082095
32.23551980,0.31019014,0.30082095
32.27647980,0.30109560,0.28266242
32.31743980,0.29200110,0.28266242
32.35839980,0.30109560,0.29172644
32.39935980,0.31019014,0.30082095
32.44031980,0.31019014,0.30082095
32.48127980,0.31019014,0.30082095
32.52223980,0.31019014,0.30082095
32.56319980,0.30109560,0.30082095
32.60415980,0.29200110,0.28266242
32.64511980,0.29200110,0.29172644
32.68607980,0.29200110,0.30082095
32.72703980,0.30109560,0.30082095
32.76799980,0.30109560,0.30082095
32.80895980,0.29200110,0.30082095
32.84991980,0.30109560,0.30082095
32.89087980,0.29200110,0.29172644
32.93183980,0.29200110,0.30082095
32.97279980,0.29200110,0.30082095
33.01375980,0.29200110,0.30082095
33.05471980,0.29200110,0.30082095
33.09567980,0.29200110,0.30082095
33.13663980,0.28287607,0.30082095
33.17759980,0.29200110,0.30082095
33.21855980,0.28287607,0.30082095
33.25951980,0.29200110,0.30082095
33.30047980,0.28287607,0.30082095
33.34143980,0.29200110,0.30988494
33.38239980,0.29200110,0.30082095
33.42335980,0.29200110,0.30082095
33.46431980,0.29200110,0.30082095
33.50527980,0.28287607,0.30082095
33.54623980,0.29200110,0.30082095
33.58719980,0.29200110,0.30082095
33.62815980,0.29200110,0.30082095
33.66911980,0.29200110,0.30082095
33.71007980,0.29200110,0.30082095
33.75103979,0.29200110,0.30082095
33.79199979,0.29200110,0.30082095
33.83295979,0.29200110,0.30082095
33.87391979,0.29200110,0.29172644
33.91487979,0.31019014,0.30082095
33.95583979,0.29200110,0.30082095
33.99679979,0.29200110,0.29172644
34.03775979,0.30109560,0.29172644
34.07871979,0.30109560,0.30082095
34.11967979,0.30109560,0.29172644
34.16063979,0.31019014,0.29172644
34.20159979,0.31019014,0.30082095
34.24255979,0.29200110,0.28266242
34.28351979,0.31019014,0.29172644
34.32447979,0.31019014,0.30082095
34.36543979,0.30109560,0.28266242
34.40639979,0.31019014,0.30082095
34.44735979,0.31019014,0.28266242
34.48831979,0.30109560,0.28266242
34.52927979,0.31928465,0.30082095
34.57023979,0.29200110,0.28266242
34.61119979,0.29200110,0.28266242
34.65215979,0.31928465,0.30082095
34.69311979,0.30109560,0.28266242
34.73407979,0.29200110,0.28266242
34.77503979,0.31019014,0.30082095
34.81599979,0.30109560,0.29172644
34.85695979,0.29200110,0.29172644
34.89791979,0.30109560,0.30082095
34.93887979,0.29200110,0.29172644
34.97983979,0.31019014,0.30082095
35.02079979,0.29200110,0.30082095
35.06175979,0.29200110,0.29172644
35.10271979,0.29200110,0.30082095
35.14367979,0.29200110,0.30082095
35.18463979,0.28287607,0.30082095
35.22559979,0.29200110,0.30082095
35.26655979,0.28287607,0.30082095
35.30751979,0.29200110,0.30082095
35.34847979,0.29200110,0.30988494
35.38943978,0.28287607,0.30082095
35.43039978,0.29200110,0.30082095
35.47135978,0.29200110,0.30988494
35.51231978,0.28287607,0.30082095
35.55327978,0.28287607,0.30082095
35.59423978,0.29200110,0.30082095
35.63519978,0.28287607,0.29172644
35.67615978,0.29200110,0.30082095
35.71711978,0.29200110,0.30082095
35.75807978,0.28287607,0.30082095
35.79903978,0.29200110,0.30082095
35.83999978,0.29200110,0.30082095
35.88095978,0.28287607,0.29172644
35.92191978,0.29200110,0.30082095
35.96287978,0.29200110,0.30082095
36.00383978,0.29200110,0.30082095
36.04479978,0.30109560,0.30082095
36.08575978,0.29200110,0.30082095
36.12671978,0.29200110,0.29172644
36.16767978,0.30109560,0.30082095
36.20863978,0.29200110,0.29172644
36.24959978,0.29200110,0.28266242
36.29055978,0.31019014,0.30082095
36.33151978,0.29200110,0.28266242
36.37247978,0.30109560,0.28266242
36.41343978,0.31019014,0.30082095
36.45439978,0.31019014,0.29172644
36.49535978,0.29200110,0.28266242
36.53631978,0.30109560,0.29172644
36.57727978,0.30109560,0.28266242
36.61823978,0.29200110,0.27359843
36.65919978,0.30109560,0.28266242
36.70015978,0.31019014,0.29172644
36.74111978,0.31019014,0.29172644
36.78207978,0.31928465,0.29172644
36.82303978,0.31019014,0.29172644
36.86399978,0.31019014,0.29172644
36.90495978,0.31019014,0.30082095
36.94591978,0.31019014,0.29172644
36.98687978,0.30109560,0.28266242
37.02783977,0.30109560,0.29172644
37.06879977,0.29200110,0.28266242
37.10975977,0.29200110,0.29172644
37.15071977,0.29200110,0.29172644
37.19167977,0.29200110,0.30082095
37.23263977,0.29200110,0.30082095
37.27359977,0.29200110,0.30082095
37.31455977,0.29200110,0.30082095
37.35551977,0.29200110,0.30082095
37.39647977,0.28287607,0.29172644
37.43743977,0.28287607,0.29172644
37.47839977,0.28287607,0.29172644
37.51935977,0.28287607,0.30082095
37.56031977,0.28287607,0.30082095
37.60127977,0.28287607,0.30082095
37.64223977,0.29200110,0.30082095
37.68319977,0.29200110,0.30082095
37.72415977,0.29200110,0.30082095
37.76511977,0.28287607,0.30082095
37.80607977,0.27378154,0.27359843
37.84703977,0.27378154,0.27359843
37.88799977,0.25559253,0.26450393
37.92895977,0.23737296,0.23728141
37.96991977,0.22827846,0.23728141
38.01087977,0.20099491,0.20099491
38.05183977,0.19186987,0.19193090
38.09279977,0.20099491,0.19193090
38.13375977,0.20099491,0.21005890
38.17471977,0.21008942,0.21005890
38.21567977,0.12817773,0.12842189
38.25663977,0.11908323,0.11932737
38.29759977,0.14639729,0.14654988
38.33855977,0.16458632,0.16470839
38.37951977,0.16458632,0.16470839
38.42047977,0.07358012,0.07397687
38.46143977,0.04626606,0.04675436
38.50239977,0.09176916,0.08304086
38.54335977,0.10998870,0.10119937
38.58431977,0.10089419,0.10119937
38.62527977,0.07358012,0.08304086
38.66623977,-0.00830103,-0.00766015
38.70719976,-0.04467910,-0.04394665
38.74815976,0.03717154,0.02859584
38.78911976,0.03717154,0.03765984
38.83007976,0.01898251,0.01046785
38.87103976,-0.06289865,-0.06210517
38.91199976,-0.09018219,-0.09839167
38.95295976,-0.09018219,-0.10748619
38.99391976,-0.02649007,-0.03488266
39.03487976,-0.03558458,-0.04394665
39.07583976,-0.07199316,-0.07116917
39.11679976,-0.16299936,-0.16190070
39.15775976,-0.15390484,-0.15283670
39.19871976,-0.08108768,-0.08932768
39.23967976,-0.10840175,-0.11655018
39.28063976,-0.22669148,-0.22544023
39.32159976,-0.10840175,-0.11655018
39.36255976,-0.19028291,-0.19821772
39.40351976,-0.18118839,-0.18912320
39.44447976,-0.21759698,-0.21634571
39.48543976,-0.12659077,-0.13470870
39.52639976,-0.15390484,-0.16190070
39.56735976,-0.27219459,-0.27079073
39.60831976,-0.19028291,-0.19821772
39.64927976,-0.16299936,-0.16190070
39.69023976,-0.29950866,-0.29801324
39.73119976,-0.21759698,-0.22544023
39.77215976,-0.16299936,-0.17099521
39.81311976,-0.26310006,-0.26172674
39.85407976,-0.26310006,-0.26172674
39.89503976,-0.19940794,-0.19821772
39.93599976,-0.22669148,-0.23450422
39.97695976,-0.27219459,-0.27988526
40.01791976,-0.29041412,-0.28894925
40.05887976,-0.25400555,-0.24356823
40.09983976,-0.32679221,-0.32523575
40.14079976,-0.29950866,-0.30707723
40.18175976,-0.30860317,-0.30707723
40.22271976,-0.33588672,-0.33429974
40.26367976,-0.41779840,-0.42506179
40.30463976,-0.37229529,-0.37968078
40.34559975,-0.39960936,-0.39783928
40.38655975,-0.45420697,-0.46134830
40.42751975,-0.50880456,-0.50669879
40.46847975,-0.47239602,-0.47041231
40.50943975,-0.48149052,-0.47947630
40.55039975,-0.50880456,-0.50669879
40.59135975,-0.50880456,-0.50669879
40.63231975,-0.51789910,-0.52485734
40.67327975,-0.50880456,-0.51579332
40.71423975,-0.49061555,-0.49763483
40.75519975,-0.51789910,-0.52485734
40.79615975,-0.54521316,-0.54301584
40.83711975,-0.52699363,-0.53392130
40.87807975,-0.52699363,-0.53392130
40.91903975,-0.51789910,-0.52485734
40.95999975,-0.49061555,-0.48857081
41.00095975,-0.51789910,-0.52485734
41.04191975,-0.40870386,-0.41596729
41.08287975,-0.45420697,-0.46134830
41.12383975,-0.49061555,-0.49763483
41.16479975,-0.48149052,-0.47947630
41.20575975,-0.41779840,-0.42506179
41.24671975,-0.41779840,-0.42506179
41.28767975,-0.51789910,-0.52485734
41.32863975,-0.39960936,-0.39783928
41.36959975,-0.43601793,-0.43412581
41.41055975,-0.48149052,-0.47947630
41.45151975,-0.36320078,-0.37968078
41.49247975,-0.48149052,-0.47947630
41.53343975,-0.40870386,-0.41596729
41.57439975,-0.36320078,-0.37061679
41.61535975,-0.47239602,-0.47947630
41.65631975,-0.36320078,-0.36152226
41.69727975,-0.42689291,-0.42506179
41.73823975,-0.36320078,-0.36152226
41.77919975,-0.41779840,-0.41596729
41.82015975,-0.43601793,-0.42506179
41.86111975,-0.33588672,-0.34339428
41.90207975,-0.37229529,-0.37968078
41.94303975,-0.39960936,-0.40690330
41.98399974,-0.43601793,-0.44318980
42.02495974,-0.36320078,-0.35245827
42.06591974,-0.37229529,-0.37061679
42.10687974,-0.44511247,-0.45225379
42.14783974,-0.44511247,-0.44318980
42.18879974,-0.36320078,-0.37061679
42.22975974,-0.39960936,-0.39783928
42.27071974,-0.45420697,-0.46134830
42.31167974,-0.42689291,-0.42506179
42.35263974,-0.38138983,-0.37968078
42.39359974,-0.43601793,-0.43412581
42.43455974,-0.47239602,-0.47041231
42.47551974,-0.39960936,-0.39783928
42.51647974,-0.39051485,-0.38874477
42.55743974,-0.46330148,-0.46134830
42.59839974,-0.39960936,-0.39783928
42.63935974,-0.37229529,-0.37061679
42.68031974,-0.43601793,-0.44318980
42.72127974,-0.36320078,-0.36152226
42.76223974,-0.46330148,-0.46134830
42.80319974,-0.33588672,-0.34339428
42.84415974,-0.34501174,-0.34339428
42.88511974,-0.43601793,-0.43412581
42.92607974,-0.30860317,-0.31617177
42.96703974,-0.37229529,-0.37968078
43.00799974,-0.37229529,-0.37968078
43.04895974,-0.29041412,-0.28894925
43.08991974,-0.36320078,-0.37061679
43.13087974,-0.32679221,-0.32523575
43.17183974,-0.25400555,-0.25266275
43.21279974,-0.29041412,-0.29801324
43.25375974,-0.38138983,-0.37968078
43.29471974,-0.29041412,-0.28894925
43.33567974,-0.22669148,-0.23450422
43.37663974,-0.37229529,-0.37968078
43.41759974,-0.34501174,-0.35245827
43.45855974,-0.22669148,-0.23450422
43.49951974,-0.29041412,-0.28894925
43.54047974,-0.32679221,-0.33429974
43.58143974,-0.24491104,-0.24356823
43.62239973,-0.22669148,-0.22544023
43.66335973,-0.33588672,-0.34339428
43.70431973,-0.25400555,-0.25266275
43.74527973,-0.22669148,-0.23450422
43.78623973,-0.32679221,-0.31617177
43.82719973,-0.21759698,-0.21634571
43.86815973,-0.21759698,-0.22544023
43.90911973,-0.33588672,-0.33429974
43.95007973,-0.26310006,-0.26172674
43.99103973,-0.18118839,-0.18912320
44.03199973,-0.29950866,-0.30707723
44.07295973,-0.23578601,-0.24356823
44.11391973,-0.16299936,-0.17099521
44.15487973,-0.29950866,-0.30707723
44.19583973,-0.21759698,-0.22544023
44.23679973,-0.17209387,-0.17099521
44.27775973,-0.29950866,-0.29801324
44.31871973,-0.18118839,-0.18005921
44.35967973,-0.15390484,-0.15283670
44.40063973,-0.26310006,-0.26172674
44.44159973,-0.19940794,-0.19821772
44.48255973,-0.14481033,-0.14377269
44.52351973,-0.26310006,-0.26172674
44.56447973,-0.11749626,-0.11655018
44.60543973,-0.12659077,-0.12561418
44.64639973,-0.25400555,-0.26172674
44.68735973,-0.10840175,-0.09839167
44.72831973,-0.09930723,-0.09839167
44.76927973,-0.21759698,-0.22544023
44.81023973,-0.09930723,-0.09839167
44.85119973,-0.09018219,-0.09839167
44.89215973,-0.10840175,-0.11655018
44.93311973,-0.03558458,-0.03488266
44.97407973,-0.16299936,-0.17099521
45.01503973,-0.09018219,-0.09839167
45.05599973,-0.05380413,-0.05304117
45.09695973,-0.09018219,-0.09839167
45.13791973,-0.04467910,-0.05304117
45.17887973,-0.14481033,-0.14377269
45.21983973,0.00079348,0.00140385
45.26079972,-0.10840175,-0.10748619
45.30175972,-0.00830103,-0.01672414
45.34271972,-0.05380413,-0.05304117
45.38367972,-0.03558458,-0.03488266
45.42463972,0.01898251,0.01046785
45.46559972,-0.04467910,-0.04394665
45.50655972,-0.08108768,-0.08932768
45.54751972,-0.05380413,-0.06210517
45.58847972,-0.03558458,-0.04394665
45.62943972,0.02807703,0.01953185
45.67039972,0.02807703,0.01953185
45.71135972,-0.01739555,-0.02581866
45.75231972,-0.00830103,-0.01672414
45.79327972,0.01898251,0.01953185
45.83423972,0.05539110,0.03765984
45.87519972,0.09176916,0.08304086
45.91615972,0.10089419,0.09210486
45.95711972,0.09176916,0.08304086
45.99807972,0.01898251,0.01953185
46.03903972,0.02807703,0.01953185
46.07999972,-0.00830103,-0.00766015
46.12095972,0.03717154,0.02859584
46.16191972,0.07358012,0.06488235
46.20287972,0.10998870,0.11026338
46.24383972,0.12817773,0.12842189
46.28479972,0.14639729,0.15564440
46.32575972,0.10998870,0.11026338
46.36671972,0.05539110,0.04675436
46.40767972,0.08267464,0.08304086
46.44863972,0.06448561,0.06488235
46.48959972,0.07358012,0.08304086
46.53055972,0.10998870,0.11026338
46.57151972,0.15549180,0.16470839
46.61247972,0.17368084,0.18283638
46.65343972,0.12817773,0.12842189
46.69439972,0.10998870,0.11026338
46.73535972,0.12817773,0.12842189
46.77631972,0.15549180,0.15564440
46.81727972,0.18277535,0.19193090
46.85823972,0.18277535,0.19193090
46.89919971,0.20099491,0.20099491
46.94015971,0.20099491,0.21005890
46.98111971,0.21008942,0.21915342
47.02207971,0.18277535,0.19193090
47.06303971,0.18277535,0.19193090
47.10399971,0.20099491,0.20099491
47.14495971,0.23737296,0.23728141
47.18591971,0.25559253,0.25543994
47.22687971,0.28287607,0.27359843
47.26783971,0.27378154,0.27359843
47.30879971,0.28287607,0.28266242
47.34975971,0.30109560,0.30082095
47.39071971,0.30109560,0.29172644
47.43167971,0.29200110,0.28266242
47.47263971,0.29200110,0.29172644
47.51359971,0.31019014,0.30082095
47.55455971,0.31019014,0.30082095
47.59551971,0.30109560,0.29172644
47.63647971,0.29200110,0.28266242
47.67743971,0.31019014,0.30082095
47.71839971,0.31019014,0.30082095
47.75935971,0.31019014,0.29172644
47.80031971,0.30109560,0.28266242
47.84127971,0.29200110,0.28266242
47.88223971,0.29200110,0.28266242
47.92319971,0.30109560,0.28266242
47.96415971,0.31019014,0.29172644
48.00511971,0.31019014,0.29172644
48.04607971,0.31019014,0.29172644
48.08703971,0.29200110,0.29172644
48.12799971,0.29200110,0.28266242
48.16895971,0.29200110,0.29172644
48.20991971,0.31019014,0.30082095
48.25087971,0.31019014,0.30082095
48.29183971,0.29200110,0.29172644
48.33279971,0.29200110,0.29172644
48.37375971,0.31019014,0.30082095
48.41471971,0.30109560,0.30082095
48.45567971,0.29200110,0.30082095
48.49663971,0.30109560,0.30082095
48.53759971,0.29200110,0.30082095
48.57855970,0.29200110,0.29172644
48.61951970,0.28287607,0.29172644
48.66047970,0.28287607,0.30082095
48.70143970,0.29200110,0.30082095
48.74239970,0.29200110,0.30082095
48.78335970,0.30109560,0.30988494
48.82431970,0.29200110,0.30082095
48.86527970,0.29200110,0.30082095
48.90623970,0.29200110,0.30082095
48.94719970,0.29200110,0.30082095
48.98815970,0.29200110,0.30082095
49.02911970,0.29200110,0.30082095
49.07007970,0.29200110,0.30082095
49.11103970,0.28287607,0.30082095
49.15199970,0.29200110,0.30082095
49.19295970,0.29200110,0.30082095
49.23391970,0.29200110,0.30082095
49.27487970,0.29200110,0.30082095
49.31583970,0.29200110,0.30082095
49.35679970,0.29200110,0.30082095
49.39775970,0.29200110,0.30082095
49.43871970,0.29200110,0.30082095
49.47967970,0.29200110,0.30082095
49.52063970,0.29200110,0.30082095
49.56159970,0.30109560,0.29172644
49.60255970,0.30109560,0.29172644
49.64351970,0.29200110,0.29172644
49.68447970,0.29200110,0.29172644
49.72543970,0.29200110,0.29172644
49.76639970,0.31019014,0.30082095
49.80735970,0.30109560,0.29172644
49.84831970,0.30109560,0.29172644
49.88927970,0.31019014,0.29172644
49.93023970,0.30109560,0.29172644
49.97119970,0.30109560,0.29172644
50.01215970,0.31019014,0.30082095
50.05311970,0.31019014,0.28266242
50.09407970,0.31019014,0.29172644
50.13503970,0.31019014,0.29172644
50.17599970,0.31019014,0.29172644
50.21695969,0.30109560,0.29172644
50.25791969,0.31019014,0.29172644
50.29887969,0.31019014,0.29172644
50.33983969,0.29200110,0.29172644
50.38079969,0.29200110,0.28266242
50.42175969,0.30109560,0.29172644
50.46271969,0.30109560,0.29172644
50.50367969,0.30109560,0.30082095
50.54463969,0.29200110,0.30082095
50.58559969,0.29200110,0.30082095
50.62655969,0.30109560,0.30082095
50.66751969,0.29200110,0.30082095
50.70847969,0.29200110,0.30082095
50.74943969,0.29200110,0.30082095
50.79039969,0.29200110,0.30082095
50.83135969,0.29200110,0.30082095
50.87231969,0.29200110,0.30082095
50.91327969,0.29200110,0.30082095
50.95423969,0.29200110,0.30082095
50.99519969,0.29200110,0.30082095
51.03615969,0.29200110,0.30082095
51.07711969,0.29200110,0.30082095
51.11807969,0.29200110,0.30082095
51.15903969,0.29200110,0.30082095
51.19999969,0.29200110,0.30082095
51.24095969,0.29200110,0.30082095
51.28191969,0.29200110,0.30082095
51.32287969,0.29200110,0.30082095
51.36383969,0.28287607,0.30082095
51.40479969,0.29200110,0.30082095
51.44575969,0.29200110,0.30082095
51.48671969,0.29200110,0.30082095
51.52767969,0.29200110,0.30082095
51.56863969,0.29200110,0.30082095
51.60959969,0.29200110,0.30082095
51.65055969,0.29200110,0.30082095
51.69151969,0.29200110,0.30082095
51.73247969,0.29200110,0.30082095
51.77343969,0.29200110,0.30082095
51.81439969,0.29200110,0.29172644
51.85535968,0.29200110,0.29172644
51.89631968,0.30109560,0.30082095
51.93727968,0.29200110,0.29172644
51.97823968,0.30109560,0.29172644
52.01919968,0.31019014,0.30082095
52.06015968,0.31019014,0.30082095
52.10111968,0.31019014,0.30082095
52.14207968,0.30109560,0.29172644
52.18303968,0.31019014,0.29172644
52.22399968,0.30109560,0.29172644
52.26495968,0.30109560,0.29172644
52.30591968,0.31019014,0.30082095
52.34687968,0.31019014,0.29172644
52.38783968,0.30109560,0.28266242
52.42879968,0.31928465,0.30082095
52.46975968,0.31019014,0.29172644
52.51071968,0.29200110,0.28266242
52.55167968,0.31019014,0.30082095
52.59263968,0.30109560,0.29172644
52.63359968,0.30109560,0.30082095
52.67455968,0.30109560,0.29172644
52.71551968,0.29200110,0.29172644
52.75647968,0.30109560,0.30082095
52.79743968,0.31019014,0.30082095
52.83839968,0.29200110,0.29172644
52.87935968,0.30109560,0.30082095
52.92031968,0.30109560,0.30082095
52.96127968,0.28287607,0.29172644
53.00223968,0.29200110,0.30082095
53.04319968,0.29200110,0.30082095
53.08415968,0.28287607,0.29172644
53.12511968,0.29200110,0.30082095
53.16607968,0.30109560,0.30082095
53.20703968,0.28287607,0.29172644
53.24799968,0.29200110,0.30082095
53.28895968,0.29200110,0.30988494
53.32991968,0.28287607,0.30082095
53.37087968,0.29200110,0.30988494
53.41183968,0.29200110,0.30988494
53.45279968,0.28287607,0.30082095
53.49375967,0.29200110,0.30082095
53.53471967,0.29200110,0.30082095
53.57567967,0.28287607,0.30082095
53.61663967,0.29200110,0.30082095
53.65759967,0.29200110,0.30082095
53.69855967,0.29200110,0.30082095
53.73951967,0.29200110,0.30082095
53.78047967,0.29200110,0.30082095
53.82143967,0.29200110,0.30082095
53.86239967,0.29200110,0.30082095
53.90335967,0.29200110,0.29172644
53.94431967,0.29200110,0.29172644
53.98527967,0.29200110,0.30082095
54.02623967,0.30109560,0.30082095
54.06719967,0.29200110,0.30082095
54.10815967,0.31019014,0.30082095
54.14911967,0.31019014,0.30082095
54.19007967,0.30109560,0.29172644
54.23103967,0.30109560,0.29172644
54.27199967,0.31019014,0.30082095
54.31295967,0.31019014,0.30082095
54.35391967,0.30109560,0.29172644
54.39487967,0.29200110,0.28266242
54.43583967,0.31019014,0.30082095
54.47679967,0.31019014,0.30082095
54.51775967,0.29200110,0.28266242
54.55871967,0.30109560,0.28266242
54.59967967,0.31019014,0.30082095
54.64063967,0.31019014,0.29172644
54.68159967,0.29200110,0.28266242
54.72255967,0.31928465,0.30082095
54.76351967,0.31019014,0.30082095
54.80447967,0.29200110,0.28266242
54.84543967,0.31019014,0.29172644
54.88639967,0.31019014,0.30082095
54.92735967,0.30109560,0.30082095
54.96831967,0.29200110,0.28266242
55.00927967,0.30109560,0.30082095
55.05023967,0.29200110,0.30082095
55.09119967,0.29200110,0.29172644
55.13215966,0.30109560,0.30082095
55.17311966,0.29200110,0.29172644
55.21407966,0.29200110,0.30082095
55.25503966,0.30109560,0.30082095
55.29599966,0.29200110,0.30082095
55.33695966,0.28287607,0.30082095
55.37791966,0.30109560,0.30082095
55.41887966,0.29200110,0.30082095
55.45983966,0.29200110,0.30082095
55.50079966,0.28287607,0.29172644
55.54175966,0.28287607,0.30082095
55.58271966,0.28287607,0.30082095
55.62367966,0.28287607,0.29172644
55.66463966,0.29200110,0.30082095
55.70559966,0.29200110,0.30082095
55.74655966,0.29200110,0.30082095
55.78751966,0.29200110,0.30082095
55.82847966,0.29200110,0.30988494
55.86943966,0.28287607,0.30082095
55.91039966,0.28287607,0.30082095
55.95135966,0.29200110,0.30082095
55.99231966,0.29200110,0.30082095
56.03327966,0.28287607,0.29172644
56.07423966,0.30109560,0.30082095
56.11519966,0.29200110,0.30082095
56.15615966,0.28287607,0.29172644
56.19711966,0.31019014,0.30082095
56.23807966,0.29200110,0.28266242
56.27903966,0.30109560,0.30082095
56.31999966,0.29200110,0.29172644
56.36095966,0.29200110,0.29172644
56.40191966,0.31019014,0.30082095
56.44287966,0.29200110,0.28266242
56.48383966,0.29200110,0.29172644
56.52479966,0.31019014,0.30082095
56.56575966,0.29200110,0.29172644
56.60671966,0.29200110,0.28266242
56.64767966,0.31019014,0.30082095
56.68863966,0.29200110,0.28266242
56.72959966,0.31019014,0.29172644
56.77055965,0.31928465,0.30082095
56.81151965,0.29200110,0.28266242
56.85247965,0.31019014,0.29172644
56.89343965,0.29200110,0.28266242
56.93439965,0.31019014,0.29172644
56.97535965,0.31019014,0.30082095
57.01631965,0.29200110,0.28266242
57.05727965,0.30109560,0.29172644
57.09823965,0.31019014,0.30082095
57.13919965,0.29200110,0.28266242
57.18015965,0.30109560,0.29172644
57.22111965,0.30109560,0.30082095
57.26207965,0.29200110,0.29172644
57.30303965,0.30109560,0.30082095
57.34399965,0.29200110,0.29172644
57.38495965,0.29200110,0.30082095
57.42591965,0.29200110,0.30082095
57.46687965,0.29200110,0.29172644
57.50783965,0.29200110,0.30082095
57.54879965,0.29200110,0.30082095
57.58975965,0.29200110,0.30082095
57.63071965,0.29200110,0.30082095
57.67167965,0.28287607,0.28266242
57.71263965,0.29200110,0.30082095
57.75359965,0.29200110,0.30082095
57.79455965,0.27378154,0.27359843
57.83551965,0.28287607,0.29172644
57.87647965,0.24649800,0.24637593
57.91743965,0.26468703,0.26450393
57.95839965,0.25559253,0.26450393
57.99935965,0.21918394,0.21915342
58.04031965,0.23737296,0.24637593
58.08127965,0.23737296,0.23728141
58.12223965,0.21918394,0.21915342
58.16319965,0.14639729,0.14654988
58.20415965,0.16458632,0.16470839
58.24511965,0.18277535,0.19193090
58.28607965,0.18277535,0.17377239
58.32703965,0.12817773,0.11932737
58.36799965,0.10089419,0.10119937
58.40895965,0.14639729,0.15564440
58.44991964,0.14639729,0.15564440
58.49087964,0.12817773,0.12842189
58.53183964,0.07358012,0.08304086
58.57279964,0.01898251,0.01046785
58.61375964,0.05539110,0.04675436
58.65471964,0.09176916,0.08304086
58.69567964,-0.01739555,-0.02581866
58.73663964,0.00079348,-0.00766015
58.77759964,0.05539110,0.05581835
58.81855964,-0.08108768,-0.08026368
58.85951964,-0.00830103,-0.00766015
58.90047964,0.00988800,0.01046785
58.94143964,-0.12659077,-0.13470870
58.98239964,-0.01739555,-0.02581866
59.02335964,-0.04467910,-0.04394665
59.06431964,-0.14481033,-0.14377269
59.10527964,-0.05380413,-0.05304117
59.14623964,-0.09018219,-0.08932768
59.18719964,-0.19028291,-0.19821772
59.22815964,-0.09018219,-0.08932768
59.26911964,-0.16299936,-0.17099521
59.31007964,-0.20850246,-0.21634571
59.35103964,-0.10840175,-0.11655018
59.39199964,-0.18118839,-0.18005921
59.43295964,-0.20850246,-0.20728171
59.47391964,-0.19940794,-0.19821772
59.51487964,-0.16299936,-0.16190070
59.55583964,-0.25400555,-0.26172674
59.59679964,-0.14481033,-0.14377269
59.63775964,-0.25400555,-0.25266275
59.67871964,-0.21759698,-0.21634571
59.71967964,-0.25400555,-0.25266275
59.76063964,-0.20850246,-0.20728171
59.80159964,-0.17209387,-0.17099521
59.84255964,-0.28128910,-0.27988526
59.88351964,-0.20850246,-0.20728171
59.92447964,-0.19028291,-0.18912320
59.96543964,-0.21759698,-0.22544023
60.00639964,-0.29041412,-0.28894925
60.04735964,-0.27219459,-0.27079073
60.08831963,-0.23578601,-0.24356823
60.12927963,-0.27219459,-0.27079073
60.17023963,-0.31769767,-0.31617177
60.21119963,-0.35410628,-0.35245827
60.25215963,-0.37229529,-0.37061679
60.29311963,-0.39051485,-0.38874477
60.33407963,-0.37229529,-0.37061679
60.37503963,-0.39960936,-0.39783928
60.41599963,-0.40870386,-0.41596729
60.45695963,-0.44511247,-0.44318980
60.49791963,-0.47239602,-0.47947630
60.53887963,-0.49061555,-0.48857081
60.57983963,-0.50880456,-0.50669879
60.62079963,-0.51789910,-0.52485734
60.66175963,-0.49971008,-0.50669879
60.70271963,-0.48149052,-0.47947630
60.74367963,-0.49971008,-0.50669879
60.78463963,-0.53611863,-0.53392130
60.82559963,-0.54521316,-0.55207986
60.86655963,-0.49971008,-0.49763483
60.90751963,-0.51789910,-0.52485734
60.94847963,-0.50880456,-0.50669879
60.98943963,-0.50880456,-0.51579332
61.03039963,-0.42689291,-0.42506179
61.07135963,-0.44511247,-0.45225379
61.11231963,-0.54521316,-0.54301584
61.15327963,-0.43601793,-0.43412581
61.19423963,-0.44511247,-0.45225379
61.23519963,-0.52699363,-0.53392130
61.27615963,-0.45420697,-0.46134830
61.31711963,-0.40870386,-0.42506179
61.35807963,-0.39960936,-0.39783928
61.39903963,-0.38138983,-0.37968078
61.43999963,-0.37229529,-0.37968078
61.48095963,-0.39960936,-0.39783928
61.52191963,-0.49061555,-0.48857081
61.56287963,-0.47239602,-0.47947630
61.60383963,-0.40870386,-0.41596729
61.64479963,-0.36320078,-0.37061679
61.68575963,-0.33588672,-0.34339428
61.72671962,-0.32679221,-0.33429974
61.76767962,-0.33588672,-0.34339428
61.80863962,-0.36320078,-0.37061679
61.84959962,-0.37229529,-0.37968078
61.89055962,-0.39051485,-0.38874477
61.93151962,-0.44511247,-0.44318980
61.97247962,-0.45420697,-0.45225379
62.01343962,-0.45420697,-0.46134830
62.05439962,-0.46330148,-0.46134830
62.09535962,-0.44511247,-0.45225379
62.13631962,-0.39960936,-0.39783928
62.17727962,-0.38138983,-0.37968078
62.21823962,-0.37229529,-0.37968078
62.25919962,-0.44511247,-0.44318980
62.30015962,-0.48149052,-0.47947630
62.34111962,-0.49061555,-0.48857081
62.38207962,-0.47239602,-0.47041231
62.42303962,-0.39960936,-0.38874477
62.46399962,-0.35410628,-0.35245827
62.50495962,-0.35410628,-0.35245827
62.54591962,-0.36320078,-0.36152226
62.58687962,-0.34501174,-0.35245827
62.62783962,-0.38138983,-0.38874477
62.66879962,-0.39051485,-0.38874477
62.70975962,-0.39051485,-0.38874477
62.75071962,-0.36320078,-0.35245827
62.79167962,-0.36320078,-0.36152226
62.83263962,-0.42689291,-0.42506179
62.87359962,-0.43601793,-0.43412581
62.91455962,-0.36320078,-0.36152226
62.95551962,-0.36320078,-0.36152226
62.99647962,-0.31769767,-0.32523575
63.03743962,-0.29950866,-0.30707723
63.07839962,-0.33588672,-0.34339428
63.11935962,-0.38138983,-0.37968078
63.16031962,-0.33588672,-0.33429974
63.20127962,-0.30860317,-0.30707723
63.24223962,-0.30860317,-0.31617177
63.28319962,-0.26310006,-0.27079073
63.32415962,-0.25400555,-0.26172674
63.36511961,-0.29041412,-0.29801324
63.40607961,-0.34501174,-0.34339428
63.44703961,-0.29950866,-0.30707723
63.48799961,-0.29950866,-0.30707723
63.52895961,-0.26310006,-0.26172674
63.56991961,-0.21759698,-0.22544023
63.61087961,-0.22669148,-0.23450422
63.65183961,-0.29041412,-0.29801324
63.69279961,-0.29041412,-0.28894925
63.73375961,-0.28128910,-0.27988526
63.77471961,-0.28128910,-0.27988526
63.81567961,-0.25400555,-0.25266275
63.85663961,-0.21759698,-0.22544023
63.89759961,-0.25400555,-0.25266275
63.93855961,-0.23578601,-0.24356823
63.97951961,-0.19028291,-0.18912320
64.02047961,-0.19940794,-0.19821772
64.06143961,-0.17209387,-0.17099521
64.10239961,-0.19028291,-0.18912320
64.14335961,-0.18118839,-0.18005921
64.18431961,-0.18118839,-0.18912320
64.22527961,-0.18118839,-0.18005921
64.26623961,-0.18118839,-0.18912320
64.30719961,-0.18118839,-0.18005921
64.34815961,-0.18118839,-0.18912320
64.38911961,-0.15390484,-0.15283670
64.43007961,-0.17209387,-0.18005921
64.47103961,-0.15390484,-0.15283670
64.51199961,-0.11749626,-0.10748619
64.55295961,-0.08108768,-0.08026368
64.59391961,-0.15390484,-0.15283670
64.63487961,-0.14481033,-0.14377269
64.67583961,-0.07199316,-0.06210517
64.71679961,-0.08108768,-0.07116917
64.75775961,-0.13568529,-0.13470870
64.79871961,-0.06289865,-0.06210517
64.83967961,-0.03558458,-0.03488266
64.88063961,-0.10840175,-0.10748619
64.92159961,-0.09018219,-0.09839167
64.96255961,-0.09018219,-0.08932768
65.00351960,-0.07199316,-0.06210517
65.04447960,-0.08108768,-0.08026368
65.08543960,-0.07199316,-0.06210517
65.12639960,-0.08108768,-0.08932768
65.16735960,-0.14481033,-0.15283670
65.20831960,-0.00830103,-0.01672414
65.24927960,-0.07199316,-0.07116917
65.29023960,-0.10840175,-0.09839167
65.33119960,-0.05380413,-0.06210517
65.37215960,0.00079348,0.01046785
65.41311960,-0.11749626,-0.12561418
65.45407960,-0.01739555,-0.02581866
65.49503960,0.01898251,0.01046785
65.53599960,-0.10840175,-0.10748619
65.57695960,0.02807703,0.02859584
65.61791960,-0.07199316,-0.08026368
65.65887960,0.01898251,0.01953185
65.69983960,0.03717154,0.03765984
65.74079960,0.02807703,0.01953185
65.78175960,0.02807703,0.02859584
65.82271960,-0.00830103,-0.00766015
65.86367960,-0.01739555,-0.01672414
65.90463960,0.03717154,0.02859584
65.94559960,0.06448561,0.05581835
65.98655960,0.08267464,0.08304086
66.02751960,0.10089419,0.09210486
66.06847960,0.06448561,0.06488235
66.10943960,0.07358012,0.06488235
66.15039960,0.06448561,0.06488235
66.19135960,0.04626606,0.04675436
66.23231960,0.03717154,0.04675436
66.27327960,0.04626606,0.04675436
66.31423960,0.09176916,0.09210486
66.35519960,0.10998870,0.11026338
66.39615960,0.14639729,0.14654988
66.43711960,0.13727225,0.12842189
66.47807960,0.13727225,0.12842189
66.51903960,0.10998870,0.10119937
66.55999960,0.10998870,0.11026338
66.60095960,0.12817773,0.12842189
66.64191959,0.13727225,0.13748589
66.68287959,0.18277535,0.19193090
66.72383959,0.17368084,0.17377239
66.76479959,0.13727225,0.13748589
66.80575959,0.17368084,0.17377239
66.84671959,0.18277535,0.18283638
66.88767959,0.17368084,0.17377239
66.92863959,0.14639729,0.14654988
66.96959959,0.17368084,0.17377239
67.01055959,0.21008942,0.21915342
67.05151959,0.20099491,0.20099491
67.09247959,0.21918394,0.22821741
67.13343959,0.20099491,0.20099491
67.17439959,0.24649800,0.25543994
67.21535959,0.25559253,0.25543994
67.25631959,0.27378154,0.27359843
67.29727959,0.27378154,0.27359843
67.33823959,0.29200110,0.29172644
67.37919959,0.29200110,0.29172644
67.42015959,0.29200110,0.29172644
67.46111959,0.29200110,0.30082095
67.50207959,0.29200110,0.28266242
67.54303959,0.29200110,0.29172644
67.58399959,0.30109560,0.29172644
67.62495959,0.31019014,0.30082095
67.66591959,0.31019014,0.30082095
67.70687959,0.31019014,0.30082095
67.74783959,0.31019014,0.30082095
67.78879959,0.31019014,0.29172644
67.82975959,0.30109560,0.29172644
67.87071959,0.30109560,0.28266242
67.91167959,0.31019014,0.28266242
67.95263959,0.31019014,0.29172644
67.99359959,0.31019014,0.30082095
68.03455959,0.31019014,0.29172644
68.07551959,0.30109560,0.29172644
68.11647959,0.30109560,0.29172644
68.15743959,0.29200110,0.29172644
68.19839959,0.29200110,0.28266242
68.23935959,0.29200110,0.29172644
68.28031959,0.29200110,0.29172644
68.32127958,0.30109560,0.30082095
68.36223958,0.31019014,0.30082095
68.40319958,0.30109560,0.30082095
68.44415958,0.30109560,0.29172644
68.48511958,0.29200110,0.29172644
68.52607958,0.29200110,0.29172644
68.56703958,0.29200110,0.29172644
68.60799958,0.29200110,0.29172644
68.64895958,0.29200110,0.30082095
68.68991958,0.29200110,0.29172644
68.73087958,0.29200110,0.30082095
68.77183958,0.29200110,0.30082095
68.81279958,0.29200110,0.30082095
68.85375958,0.29200110,0.30082095
68.89471958,0.29200110,0.30988494
68.93567958,0.29200110,0.30082095
68.97663958,0.28287607,0.30082095
69.01759958,0.29200110,0.30082095
69.05855958,0.29200110,0.30082095
69.09951958,0.29200110,0.30082095
69.14047958,0.29200110,0.30082095
69.18143958,0.29200110,0.30082095
69.22239958,0.28287607,0.30082095
69.26335958,0.29200110,0.30082095
69.30431958,0.29200110,0.30082095
69.34527958,0.29200110,0.30082095
69.38623958,0.29200110,0.30082095
69.42719958,0.29200110,0.30082095
69.46815958,0.29200110,0.30082095
69.50911958,0.29200110,0.30082095
69.55007958,0.29200110,0.29172644
69.59103958,0.29200110,0.30082095
69.63199958,0.29200110,0.30082095
69.67295958,0.29200110,0.30082095
69.71391958,0.29200110,0.30082095
69.75487958,0.29200110,0.29172644
69.79583958,0.30109560,0.30082095
69.83679958,0.30109560,0.30082095
69.87775958,0.30109560,0.29172644
69.91871958,0.30109560,0.29172644
69.95967957,0.30109560,0.29172644
70.00063957,0.30109560,0.29172644
70.04159957,0.31019014,0.29172644
70.08255957,0.31019014,0.29172644
70.12351957,0.30109560,0.29172644
70.16447957,0.31019014,0.29172644
70.20543957,0.31019014,0.30082095
70.24639957,0.30109560,0.29172644
70.28735957,0.31019014,0.30082095
70.32831957,0.31019014,0.30082095
70.36927957,0.31019014,0.29172644
70.41023957,0.31019014,0.30082095
70.45119957,0.31019014,0.29172644
70.49215957,0.30109560,0.29172644
70.53311957,0.31019014,0.30082095
70.57407957,0.30109560,0.30082095
70.61503957,0.30109560,0.29172644
70.65599957,0.29200110,0.29172644
70.69695957,0.29200110,0.30082095
70.73791957,0.29200110,0.30082095
70.77887957,0.29200110,0.30082095
70.81983957,0.29200110,0.30082095
70.86079957,0.29200110,0.30082095
70.90175957,0.29200110,0.30082095
70.94271957,0.29200110,0.30082095
70.98367957,0.29200110,0.30082095
71.02463957,0.29200110,0.30082095
71.06559957,0.29200110,0.30082095
71.10655957,0.29200110,0.30082095
71.14751957,0.29200110,0.30082095
71.18847957,0.29200110,0.30082095
71.22943957,0.29200110,0.30082095
71.27039957,0.29200110,0.30082095
71.31135957,0.28287607,0.30082095
71.35231957,0.28287607,0.30082095
71.39327957,0.29200110,0.30082095
71.43423957,0.29200110,0.30082095
71.47519957,0.29200110,0.30082095
71.51615957,0.29200110,0.30082095
71.55711957,0.29200110,0.30082095
71.59807956,0.29200110,0.30082095
71.63903956,0.29200110,0.30082095
71.67999956,0.29200110,0.30082095
71.72095956,0.29200110,0.30082095
71.76191956,0.29200110,0.29172644
71.80287956,0.29200110,0.30082095
71.84383956,0.29200110,0.30082095
71.88479956,0.29200110,0.30082095
71.92575956,0.30109560,0.30082095
71.96671956,0.29200110,0.29172644
72.00767956,0.29200110,0.29172644
72.04863956,0.29200110,0.29172644
72.08959956,0.30109560,0.29172644
72.13055956,0.30109560,0.29172644
72.17151956,0.31019014,0.30082095
72.21247956,0.31019014,0.30082095
72.25343956,0.31019014,0.30082095
72.29439956,0.31019014,0.30082095
72.33535956,0.30109560,0.29172644
72.37631956,0.30109560,0.29172644
72.41727956,0.30109560,0.28266242
72.45823956,0.30109560,0.29172644
72.49919956,0.30109560,0.29172644
72.54015956,0.30109560,0.29172644
72.58111956,0.30109560,0.30082095
72.62207956,0.31019014,0.30082095
72.66303956,0.29200110,0.29172644
72.70399956,0.31019014,0.30082095
72.74495956,0.29200110,0.29172644
72.78591956,0.30109560,0.30082095
72.82687956,0.31019014,0.30082095
72.86783956,0.31019014,0.30082095
72.90879956,0.31019014,0.30082095
72.94975956,0.30109560,0.30082095
72.99071956,0.29200110,0.30082095
73.03167956,0.30109560,0.30082095
73.07263956,0.29200110,0.30082095
73.11359956,0.30109560,0.30082095
73.15455956,0.30109560,0.30082095
73.19551956,0.29200110,0.30082095
73.23647955,0.29200110,0.30082095
73.27743955,0.29200110,0.30082095
73.31839955,0.29200110,0.30082095
73.35935955,0.29200110,0.30082095
73.40031955,0.29200110,0.30082095
73.44127955,0.29200110,0.30082095
73.48223955,0.29200110,0.30082095
73.52319955,0.29200110,0.30082095
73.56415955,0.29200110,0.30082095
73.60511955,0.29200110,0.30082095
73.64607955,0.28287607,0.30082095
73.68703955,0.28287607,0.30082095
73.72799955,0.28287607,0.30082095
73.76895955,0.28287607,0.30082095
73.80991955,0.29200110,0.30082095
73.85087955,0.29200110,0.30082095
73.89183955,0.29200110,0.30082095
73.93279955,0.30109560,0.30082095
73.97375955,0.29200110,0.30082095
74.01471955,0.30109560,0.30082095
74.05567955,0.30109560,0.30082095
74.09663955,0.29200110,0.30082095
74.13759955,0.30109560,0.30082095
74.17855955,0.29200110,0.28266242
74.21951955,0.30109560,0.29172644
74.26047955,0.29200110,0.29172644
74.30143955,0.29200110,0.28266242
74.34239955,0.30109560,0.30082095
74.38335955,0.29200110,0.28266242
74.42431955,0.31019014,0.29172644
74.46527955,0.30109560,0.29172644
74.50623955,0.31019014,0.30082095
74.54719955,0.31019014,0.30082095
74.58815955,0.31928465,0.30082095
74.62911955,0.31019014,0.30082095
74.67007955,0.30109560,0.29172644
74.71103955,0.31019014,0.29172644
74.75199955,0.31019014,0.30082095
74.79295955,0.30109560,0.29172644
74.83391955,0.31019014,0.29172644
74.87487954,0.31019014,0.30082095
74.91583954,0.31019014,0.29172644
74.95679954,0.31019014,0.29172644
74.99775954,0.29200110,0.28266242
75.03871954,0.30109560,0.30082095
75.07967954,0.30109560,0.30082095
75.12063954,0.29200110,0.28266242
75.16159954,0.30109560,0.30082095
75.20255954,0.30109560,0.30082095
75.24351954,0.29200110,0.29172644
75.28447954,0.30109560,0.30082095
75.32543954,0.28287607,0.29172644
75.36639954,0.29200110,0.30082095
75.40735954,0.30109560,0.30082095
75.44831954,0.29200110,0.30082095
75.48927954,0.28287607,0.29172644
75.53023954,0.28287607,0.30082095
75.57119954,0.28287607,0.29172644
75.61215954,0.29200110,0.30082095
75.65311954,0.29200110,0.30082095
75.69407954,0.29200110,0.30082095
75.73503954,0.29200110,0.30082095
75.77599954,0.29200110,0.30082095
75.81695954,0.29200110,0.30082095
75.85791954,0.29200110,0.30082095
75.89887954,0.29200110,0.30082095
75.93983954,0.29200110,0.30082095
75.98079954,0.29200110,0.30082095
76.02175954,0.28287607,0.29172644
76.06271954,0.29200110,0.30082095
76.10367954,0.29200110,0.30082095
76.14463954,0.29200110,0.30082095
76.18559954,0.29200110,0.30082095
76.22655954,0.30109560,0.30082095
76.26751954,0.29200110,0.30082095
76.30847954,0.29200110,0.29172644
76.34943954,0.29200110,0.29172644
76.39039954,0.29200110,0.30082095
76.43135954,0.29200110,0.28266242
76.47231954,0.30109560,0.30082095
76.51327953,0.29200110,0.29172644
76.55423953,0.30109560,0.29172644
76.59519953,0.31019014,0.30082095
76.63615953,0.31019014,0.30082095
76.67711953,0.31019014,0.30082095
76.71807953,0.31019014,0.29172644
76.75903953,0.31019014,0.29172644
76.79999953,0.31019014,0.29172644
76.84095953,0.30109560,0.29172644
76.88191953,0.29200110,0.28266242
76.92287953,0.29200110,0.28266242
76.96383953,0.31019014,0.29172644
77.00479953,0.31019014,0.30082095
77.04575953,0.29200110,0.28266242
77.08671953,0.29200110,0.29172644
77.12767953,0.31019014,0.30082095
77.16863953,0.31019014,0.30082095
77.20959953,0.31019014,0.29172644
77.25055953,0.30109560,0.29172644
77.29151953,0.30109560,0.30082095
77.33247953,0.29200110,0.29172644
77.37343953,0.29200110,0.29172644
77.41439953,0.29200110,0.29172644
77.45535953,0.30109560,0.30082095
77.49631953,0.29200110,0.30082095
77.53727953,0.29200110,0.30082095
77.57823953,0.29200110,0.30082095
77.61919953,0.29200110,0.30082095
77.66015953,0.29200110,0.30082095
77.70111953,0.28287607,0.29172644
77.74207953,0.28287607,0.28266242
77.78303953,0.28287607,0.28266242
77.82399953,0.28287607,0.29172644
77.86495953,0.27378154,0.27359843
77.90591953,0.26468703,0.27359843
77.94687953,0.24649800,0.24637593
77.98783953,0.21918394,0.22821741
78.02879953,0.20099491,0.20099491
78.06975953,0.18277535,0.19193090
78.11071953,0.18277535,0.18283638
78.15167953,0.18277535,0.18283638
78.19263952,0.18277535,0.18283638
78.23359952,0.13727225,0.13748589
78.27455952,0.12817773,0.12842189
78.31551952,0.13727225,0.13748589
78.35647952,0.14639729,0.15564440
78.39743952,0.13727225,0.12842189
78.43839952,0.14639729,0.14654988
78.47935952,0.13727225,0.12842189
78.52031952,0.10998870,0.11026338
78.56127952,0.07358012,0.08304086
78.60223952,0.03717154,0.04675436
78.64319952,0.01898251,0.01953185
78.68415952,0.03717154,0.03765984
78.72511952,0.00988800,0.01046785
78.76607952,0.00988800,0.01046785
78.80703952,0.02807703,0.02859584
78.84799952,0.00988800,0.01046785
78.88895952,-0.04467910,-0.05304117
78.92991952,-0.06289865,-0.06210517
78.97087952,-0.10840175,-0.11655018
79.01183952,-0.11749626,-0.12561418
79.05279952,-0.12659077,-0.13470870
79.09375952,-0.14481033,-0.15283670
79.13471952,-0.12659077,-0.13470870
79.17567952,-0.10840175,-0.11655018
79.21663952,-0.15390484,-0.15283670
79.25759952,-0.20850246,-0.20728171
79.29855952,-0.16299936,-0.16190070
79.33951952,-0.16299936,-0.17099521
79.38047952,-0.16299936,-0.18005921
79.42143952,-0.14481033,-0.14377269
79.46239952,-0.14481033,-0.13470870
79.50335952,-0.19028291,-0.19821772
79.54431952,-0.23578601,-0.24356823
79.58527952,-0.20850246,-0.21634571
79.62623952,-0.20850246,-0.20728171
79.66719952,-0.21759698,-0.22544023
79.70815952,-0.18118839,-0.18005921
79.74911952,-0.18118839,-0.18005921
79.79007952,-0.19028291,-0.19821772
79.83103951,-0.16299936,-0.17099521
79.87199951,-0.20850246,-0.19821772
79.91295951,-0.20850246,-0.20728171
79.95391951,-0.21759698,-0.22544023
79.99487951,-0.26310006,-0.26172674
80.03583951,-0.26310006,-0.27079073
80.07679951,-0.29041412,-0.27988526
80.11775951,-0.30860317,-0.30707723
80.15871951,-0.33588672,-0.34339428
80.19967951,-0.36320078,-0.37061679
80.24063951,-0.38138983,-0.37968078
80.28159951,-0.36320078,-0.36152226
80.32255951,-0.37229529,-0.37968078
80.36351951,-0.41779840,-0.41596729
80.40447951,-0.41779840,-0.41596729
80.44543951,-0.43601793,-0.43412581
80.48639951,-0.44511247,-0.45225379
80.52735951,-0.48149052,-0.47947630
80.56831951,-0.52699363,-0.53392130
80.60927951,-0.52699363,-0.53392130
80.65023951,-0.52699363,-0.53392130
80.69119951,-0.48149052,-0.48857081
80.73215951,-0.49971008,-0.49763483
80.77311951,-0.51789910,-0.51579332
80.81407951,-0.49061555,-0.49763483
80.85503951,-0.48149052,-0.48857081
80.89599951,-0.51789910,-0.52485734
80.93695951,-0.54521316,-0.55207986
80.97791951,-0.55430770,-0.56114382
81.01887951,-0.54521316,-0.55207986
81.05983951,-0.54521316,-0.53392130
81.10079951,-0.52699363,-0.52485734
81.14175951,-0.51789910,-0.53392130
81.18271951,-0.51789910,-0.52485734
81.22367951,-0.47239602,-0.47947630
81.26463951,-0.47239602,-0.47041231
81.30559951,-0.45420697,-0.46134830
81.34655951,-0.41779840,-0.41596729
81.38751951,-0.40870386,-0.42506179
81.42847951,-0.41779840,-0.41596729
81.46943950,-0.40870386,-0.41596729
81.51039950,-0.45420697,-0.46134830
81.55135950,-0.42689291,-0.43412581
81.59231950,-0.45420697,-0.46134830
81.63327950,-0.45420697,-0.46134830
81.67423950,-0.41779840,-0.41596729
81.71519950,-0.40870386,-0.40690330
81.75615950,-0.36320078,-0.36152226
81.79711950,-0.32679221,-0.33429974
81.83807950,-0.33588672,-0.34339428
81.87903950,-0.36320078,-0.35245827
81.91999950,-0.37229529,-0.37061679
81.96095950,-0.38138983,-0.38874477
82.00191950,-0.43601793,-0.42506179
82.04287950,-0.44511247,-0.45225379
82.08383950,-0.47239602,-0.47947630
82.12479950,-0.47239602,-0.47947630
82.16575950,-0.44511247,-0.45225379
82.20671950,-0.43601793,-0.44318980
82.24767950,-0.48149052,-0.47947630
82.28863950,-0.40870386,-0.41596729
82.32959950,-0.44511247,-0.44318980
82.37055950,-0.39960936,-0.40690330
82.41151950,-0.39960936,-0.38874477
82.45247950,-0.38138983,-0.38874477
82.49343950,-0.38138983,-0.37968078
82.53439950,-0.35410628,-0.35245827
82.57535950,-0.38138983,-0.37968078
82.61631950,-0.37229529,-0.37061679
82.65727950,-0.42689291,-0.42506179
82.69823950,-0.47239602,-0.47041231
82.73919950,-0.45420697,-0.45225379
82.78015950,-0.47239602,-0.47041231
82.82111950,-0.44511247,-0.45225379
82.86207950,-0.43601793,-0.43412581
82.90303950,-0.43601793,-0.43412581
82.94399950,-0.38138983,-0.38874477
82.98495950,-0.33588672,-0.34339428
83.02591950,-0.31769767,-0.31617177
83.06687950,-0.29950866,-0.29801324
83.10783949,-0.28128910,-0.27988526
83.14879949,-0.28128910,-0.27988526
83.18975949,-0.27219459,-0.27988526
83.23071949,-0.29950866,-0.29801324
83.27167949,-0.29950866,-0.30707723
83.31263949,-0.25400555,-0.25266275
83.35359949,-0.25400555,-0.25266275
83.39455949,-0.25400555,-0.26172674
83.43551949,-0.27219459,-0.27988526
83.47647949,-0.26310006,-0.27079073
83.51743949,-0.26310006,-0.26172674
83.55839949,-0.23578601,-0.24356823
83.59935949,-0.21759698,-0.21634571
83.64031949,-0.20850246,-0.20728171
83.68127949,-0.19940794,-0.20728171
83.72223949,-0.24491104,-0.25266275
83.76319949,-0.26310006,-0.26172674
83.80415949,-0.29950866,-0.30707723
83.84511949,-0.22669148,-0.23450422
83.88607949,-0.28128910,-0.27988526
83.92703949,-0.25400555,-0.26172674
83.96799949,-0.29041412,-0.29801324
84.00895949,-0.29041412,-0.28894925
84.04991949,-0.21759698,-0.20728171
84.09087949,-0.25400555,-0.26172674
84.13183949,-0.29950866,-0.29801324
84.17279949,-0.23578601,-0.24356823
84.21375949,-0.19028291,-0.19821772
84.25471949,-0.29041412,-0.27988526
84.29567949,-0.16299936,-0.17099521
84.33663949,-0.23578601,-0.23450422
84.37759949,-0.22669148,-0.24356823
84.41855949,-0.15390484,-0.16190070
84.45951949,-0.19940794,-0.19821772
84.50047949,-0.11749626,-0.11655018
84.54143949,-0.23578601,-0.24356823
84.58239949,-0.15390484,-0.15283670
84.62335949,-0.16299936,-0.17099521
84.66431949,-0.07199316,-0.06210517
84.70527949,-0.15390484,-0.15283670
84.74623948,-0.18118839,-0.18912320
84.78719948,-0.10840175,-0.10748619
84.82815948,-0.20850246,-0.19821772
84.86911948,-0.09018219,-0.08932768
84.91007948,-0.18118839,-0.18912320
84.95103948,-0.14481033,-0.13470870
84.99199948,-0.06289865,-0.06210517
85.03295948,-0.07199316,-0.06210517
85.07391948,-0.05380413,-0.05304117
85.11487948,-0.09018219,-0.08932768
85.15583948,-0.11749626,-0.11655018
85.19679948,-0.11749626,-0.12561418
85.23775948,-0.10840175,-0.11655018
85.27871948,-0.10840175,-0.10748619
85.31967948,-0.08108768,-0.08026368
85.36063948,-0.03558458,-0.04394665
85.40159948,-0.01739555,-0.01672414
85.44255948,0.01898251,0.01953185
85.48351948,0.02807703,0.01953185
85.52447948,0.00988800,0.01046785
85.56543948,0.03717154,0.02859584
85.60639948,0.01898251,0.01046785
85.64735948,-0.00830103,-0.01672414
85.68831948,-0.04467910,-0.05304117
85.72927948,-0.05380413,-0.05304117
85.77023948,-0.05380413,-0.05304117
85.81119948,-0.07199316,-0.07116917
85.85215948,-0.00830103,-0.01672414
85.89311948,-0.00830103,-0.01672414
85.93407948,0.01898251,0.01046785
85.97503948,0.06448561,0.05581835
86.01599948,0.08267464,0.08304086
86.05695948,0.10998870,0.10119937
86.09791948,0.11908323,0.11026338
86.13887948,0.12817773,0.11932737
86.17983948,0.10089419,0.09210486
86.22079948,0.07358012,0.06488235
86.26175948,0.08267464,0.08304086
86.30271948,0.05539110,0.05581835
86.34367948,0.07358012,0.07397687
86.38463947,0.07358012,0.07397687
86.42559947,0.08267464,0.08304086
86.46655947,0.12817773,0.11932737
86.50751947,0.13727225,0.12842189
86.54847947,0.14639729,0.15564440
86.58943947,0.15549180,0.15564440
86.63039947,0.15549180,0.15564440
86.67135947,0.18277535,0.18283638
86.71231947,0.18277535,0.19193090
86.75327947,0.18277535,0.18283638
86.79423947,0.14639729,0.15564440
86.83519947,0.15549180,0.15564440
86.87615947,0.18277535,0.19193090
86.91711947,0.18277535,0.20099491
86.95807947,0.19186987,0.19193090
86.99903947,0.20099491,0.20099491
87.03999947,0.21008942,0.21005890
87.08095947,0.21008942,0.21005890
87.12191947,0.19186987,0.20099491
87.16287947,0.20099491,0.21005890
87.20383947,0.25559253,0.25543994
87.24479947,0.27378154,0.27359843
87.28575947,0.27378154,0.27359843
87.32671947,0.28287607,0.28266242
87.36767947,0.29200110,0.29172644
87.40863947,0.29200110,0.30082095
87.44959947,0.29200110,0.28266242
87.49055947,0.31019014,0.30082095
87.53151947,0.29200110,0.29172644
87.57247947,0.29200110,0.30082095
87.61343947,0.30109560,0.30082095
87.65439947,0.29200110,0.28266242
87.69535947,0.31019014,0.30082095
87.73631947,0.31019014,0.30082095
87.77727947,0.31019014,0.30082095
87.81823947,0.29200110,0.29172644
87.85919947,0.30109560,0.29172644
87.90015947,0.31019014,0.29172644
87.94111947,0.31019014,0.30082095
87.98207947,0.31019014,0.30082095
88.02303947,0.31019014,0.29172644
88.06399946,0.31019014,0.29172644
88.10495946,0.31019014,0.30082095
88.14591946,0.29200110,0.28266242
88.18687946,0.31019014,0.30082095
88.22783946,0.30109560,0.29172644
88.26879946,0.29200110,0.28266242
88.30975946,0.29200110,0.29172644
88.35071946,0.31019014,0.30082095
88.39167946,0.30109560,0.30082095
88.43263946,0.29200110,0.30082095
88.47359946,0.29200110,0.29172644
88.51455946,0.30109560,0.30082095
88.55551946,0.30109560,0.30082095
88.59647946,0.29200110,0.29172644
88.63743946,0.29200110,0.30082095
88.67839946,0.31019014,0.30082095
88.71935946,0.29200110,0.30082095
88.76031946,0.29200110,0.30082095
88.80127946,0.29200110,0.30082095
88.84223946,0.29200110,0.30082095
88.88319946,0.29200110,0.30082095
88.92415946,0.29200110,0.30082095
88.96511946,0.29200110,0.30082095
89.00607946,0.29200110,0.30082095
89.04703946,0.29200110,0.30082095
89.08799946,0.29200110,0.30082095
89.12895946,0.29200110,0.30082095
89.16991946,0.29200110,0.30082095
89.21087946,0.29200110,0.30082095
89.25183946,0.29200110,0.30082095
89.29279946,0.29200110,0.30082095
89.33375946,0.29200110,0.30082095
89.37471946,0.29200110,0.30082095
89.41567946,0.29200110,0.30082095
89.45663946,0.29200110,0.30082095
89.49759946,0.29200110,0.30082095
89.53855946,0.29200110,0.30082095
89.57951946,0.29200110,0.30082095
89.62047946,0.29200110,0.30082095
89.66143946,0.29200110,0.30082095
89.70239945,0.29200110,0.29172644
89.74335945,0.29200110,0.30082095
89.78431945,0.29200110,0.30082095
89.82527945,0.29200110,0.29172644
89.86623945,0.30109560,0.30082095
89.90719945,0.30109560,0.30082095
89.94815945,0.30109560,0.30082095
89.98911945,0.29200110,0.29172644
90.03007945,0.30109560,0.30082095
90.07103945,0.30109560,0.29172644
90.11199945,0.30109560,0.29172644
90.15295945,0.31019014,0.30082095
90.19391945,0.30109560,0.29172644
90.23487945,0.31019014,0.29172644
90.27583945,0.30109560,0.29172644
90.31679945,0.31019014,0.30082095
90.35775945,0.31019014,0.29172644
90.39871945,0.31019014,0.30082095
90.43967945,0.30109560,0.29172644
90.48063945,0.30109560,0.30082095
90.52159945,0.30109560,0.30082095
90.56255945,0.31019014,0.30082095
90.60351945,0.30109560,0.30082095
90.64447945,0.31019014,0.30082095
90.68543945,0.29200110,0.30082095
90.72639945,0.29200110,0.30082095
90.76735945,0.30109560,0.30082095
90.80831945,0.29200110,0.30082095
90.84927945,0.29200110,0.30082095
90.89023945,0.30109560,0.29172644
90.93119945,0.29200110,0.30082095
90.97215945,0.30109560,0.30082095
91.01311945,0.29200110,0.30082095
91.05407945,0.29200110,0.30082095
91.09503945,0.29200110,0.30082095
91.13599945,0.29200110,0.30082095
91.17695945,0.29200110,0.30082095
91.21791945,0.29200110,0.30082095
91.25887945,0.29200110,0.30082095
91.29983945,0.29200110,0.30082095
91.34079944,0.29200110,0.30082095
91.38175944,0.29200110,0.30082095
91.42271944,0.29200110,0.30082095
91.46367944,0.29200110,0.30082095
91.50463944,0.29200110,0.30082095
91.54559944,0.29200110,0.30082095
91.58655944,0.29200110,0.30082095
91.62751944,0.29200110,0.30082095
91.66847944,0.29200110,0.30082095
91.70943944,0.29200110,0.30082095
91.75039944,0.29200110,0.30082095
91.79135944,0.29200110,0.30082095
91.83231944,0.29200110,0.30082095
91.87327944,0.29200110,0.30082095
91.91423944,0.29200110,0.29172644
91.95519944,0.29200110,0.30082095
91.99615944,0.29200110,0.29172644
92.03711944,0.31019014,0.30082095
92.07807944,0.29200110,0.29172644
92.11903944,0.29200110,0.30082095
92.15999944,0.30109560,0.29172644
92.20095944,0.29200110,0.29172644
92.24191944,0.31019014,0.30082095
92.28287944,0.31019014,0.30082095
92.32383944,0.31019014,0.30082095
92.36479944,0.31019014,0.30082095
92.40575944,0.31019014,0.30082095
92.44671944,0.31019014,0.29172644
92.48767944,0.31019014,0.30082095
92.52863944,0.31019014,0.30082095
92.56959944,0.31019014,0.30082095
92.61055944,0.29200110,0.29172644
92.65151944,0.29200110,0.28266242
92.69247944,0.29200110,0.29172644
92.73343944,0.30109560,0.30082095
92.77439944,0.30109560,0.30082095
92.81535944,0.30109560,0.30082095
92.85631944,0.29200110,0.29172644
92.89727944,0.30109560,0.30082095
92.93823944,0.30109560,0.30082095
92.97919943,0.30109560,0.30082095
93.02015943,0.29200110,0.29172644
93.06111943,0.29200110,0.30082095
93.10207943,0.29200110,0.30082095
93.14303943,0.29200110,0.30082095
93.18399943,0.29200110,0.29172644
93.22495943,0.29200110,0.30082095
93.26591943,0.29200110,0.30082095
93.30687943,0.29200110,0.30082095
93.34783943,0.29200110,0.30082095
93.38879943,0.29200110,0.30082095
93.42975943,0.29200110,0.30082095
93.47071943,0.29200110,0.30082095
93.51167943,0.29200110,0.30082095
93.55263943,0.29200110,0.30082095
93.59359943,0.29200110,0.29172644
93.63455943,0.29200110,0.30082095
93.67551943,0.29200110,0.30082095
93.71647943,0.29200110,0.30082095
93.75743943,0.28287607,0.30082095
93.79839943,0.29200110,0.30082095
93.83935943,0.29200110,0.30082095
93.88031943,0.29200110,0.30082095
93.92127943,0.29200110,0.30082095
93.96223943,0.29200110,0.30082095
94.00319943,0.29200110,0.30082095
94.04415943,0.29200110,0.29172644
94.08511943,0.30109560,0.30082095
94.12607943,0.29200110,0.29172644
94.16703943,0.31019014,0.30082095
94.20799943,0.30109560,0.30082095
94.24895943,0.29200110,0.29172644
94.28991943,0.29200110,0.30082095
94.33087943,0.29200110,0.30082095
94.37183943,0.29200110,0.29172644
94.41279943,0.29200110,0.29172644
94.45375943,0.30109560,0.30082095
94.49471943,0.31019014,0.30082095
94.53567943,0.31019014,0.30082095
94.57663943,0.29200110,0.29172644
94.61759942,0.29200110,0.28266242
94.65855942,0.29200110,0.29172644
94.69951942,0.30109560,0.28266242
94.74047942,0.29200110,0.28266242
94.78143942,0.30109560,0.29172644
94.82239942,0.31019014,0.30082095
94.86335942,0.31019014,0.30082095
94.90431942,0.29200110,0.28266242
94.94527942,0.30109560,0.29172644
94.98623942,0.29200110,0.29172644
95.02719942,0.30109560,0.29172644
95.06815942,0.30109560,0.29172644
95.10911942,0.31019014,0.30082095
95.15007942,0.30109560,0.30082095
95.19103942,0.30109560,0.29172644
95.23199942,0.29200110,0.28266242
95.27295942,0.29200110,0.28266242
95.31391942,0.29200110,0.29172644
95.35487942,0.29200110,0.29172644
95.39583942,0.29200110,0.30082095
95.43679942,0.29200110,0.30082095
95.47775942,0.29200110,0.30082095
95.51871942,0.29200110,0.30082095
95.55967942,0.29200110,0.29172644
95.60063942,0.29200110,0.30082095
95.64159942,0.29200110,0.30082095
95.68255942,0.29200110,0.30082095
95.72351942,0.29200110,0.30082095
95.76447942,0.29200110,0.30082095
95.80543942,0.30109560,0.30988494
95.84639942,0.29200110,0.30082095
95.88735942,0.29200110,0.30082095
95.92831942,0.29200110,0.30082095
95.96927942,0.28287607,0.29172644
96.01023942,0.29200110,0.30082095
96.05119942,0.29200110,0.30082095
96.09215942,0.29200110,0.29172644
96.13311942,0.29200110,0.30082095
96.17407942,0.30109560,0.30082095
96.21503942,0.29200110,0.30082095
96.25599942,0.30109560,0.30082095
96.29695941,0.29200110,0.30082095
96.33791941,0.29200110,0.30082095
96.37887941,0.28287607,0.29172644
96.41983941,0.29200110,0.30082095
96.46079941,0.29200110,0.29172644
96.50175941,0.29200110,0.29172644
96.54271941,0.30109560,0.29172644
96.58367941,0.29200110,0.29172644
96.62463941,0.29200110,0.30082095
96.66559941,0.29200110,0.28266242
96.70655941,0.29200110,0.28266242
96.74751941,0.28287607,0.28266242
96.78847941,0.30109560,0.29172644
96.82943941,0.30109560,0.29172644
96.87039941,0.30109560,0.29172644
96.91135941,0.31019014,0.30082095
96.95231941,0.31019014,0.30082095
96.99327941,0.31019014,0.30082095
97.03423941,0.31019014,0.30082095
97.07519941,0.30109560,0.29172644
97.11615941,0.29200110,0.29172644
97.15711941,0.29200110,0.28266242
97.19807941,0.30109560,0.29172644
97.23903941,0.30109560,0.29172644
97.27999941,0.30109560,0.29172644
97.32095941,0.31019014,0.30082095
97.36191941,0.30109560,0.30082095
97.40287941,0.29200110,0.29172644
97.44383941,0.29200110,0.29172644
97.48479941,0.29200110,0.29172644
97.52575941,0.29200110,0.29172644
97.56671941,0.29200110,0.30082095
97.60767941,0.29200110,0.30082095
97.64863941,0.30109560,0.30082095
97.68959941,0.30109560,0.30082095
97.73055941,0.29200110,0.30082095
97.77151941,0.29200110,0.30082095
97.81247941,0.28287607,0.29172644
97.85343941,0.28287607,0.28266242
97.89439941,0.27378154,0.27359843
97.93535940,0.27378154,0.27359843
97.97631940,0.26468703,0.26450393
98.01727940,0.24649800,0.25543994
98.05823940,0.24649800,0.25543994
98.09919940,0.24649800,0.23728141
98.14015940,0.21918394,0.22821741
98.18111940,0.20099491,0.21005890
98.22207940,0.19186987,0.20099491
98.26303940,0.20099491,0.20099491
98.30399940,0.08267464,0.08304086
98.34495940,0.16458632,0.16470839
98.38591940,0.13727225,0.12842189
98.42687940,0.09176916,0.09210486
98.46783940,0.10998870,0.11026338
98.50879940,0.10998870,0.11932737
98.54975940,0.06448561,0.05581835
98.59071940,0.02807703,0.02859584
98.63167940,0.06448561,0.05581835
98.67263940,0.06448561,0.05581835
98.71359940,0.00079348,0.00140385
98.75455940,0.04626606,0.04675436
98.79551940,-0.06289865,-0.06210517
98.83647940,0.00988800,0.01046785
98.87743940,-0.01739555,-0.02581866
98.91839940,-0.02649007,-0.03488266
98.95935940,-0.08108768,-0.08026368
99.00031940,-0.08108768,-0.08026368
99.04127940,-0.08108768,-0.08932768
99.08223940,-0.01739555,-0.02581866
99.12319940,-0.17209387,-0.17099521
99.16415940,-0.09018219,-0.10748619
99.20511940,-0.10840175,-0.10748619
99.24607940,-0.09018219,-0.09839167
99.28703940,-0.08108768,-0.08026368
99.32799940,-0.09018219,-0.09839167
99.36895940,-0.12659077,-0.12561418
99.40991940,-0.14481033,-0.14377269
99.45087940,-0.13568529,-0.13470870
99.49183940,-0.14481033,-0.14377269
99.53279940,-0.18118839,-0.18005921
99.57375939,-0.19940794,-0.20728171
99.61471939,-0.21759698,-0.22544023
99.65567939,-0.21759698,-0.22544023
99.69663939,-0.19940794,-0.20728171
99.73759939,-0.19028291,-0.18912320
99.77855939,-0.18118839,-0.18005921
99.81951939,-0.19940794,-0.19821772
99.86047939,-0.25400555,-0.25266275
99.90143939,-0.24491104,-0.25266275
99.94239939,-0.23578601,-0.24356823
99.98335939,-0.23578601,-0.24356823
100.02431939,-0.22669148,-0.23450422
100.06527939,-0.23578601,-0.23450422
100.10623939,-0.26310006,-0.27079073
